# Inventory map for plan task 15, the replacement closeout (ruling CX-A).
#
# Two record kinds, tab-separated; lines starting with '#' and blank lines are
# ignored. Read by docs/probes/closeout-inventory-check.sh against a live run of
# docs/probes/closeout-public-api.sh (the census).
#
#   F <TAB> family <TAB> class <TAB> probe <TAB> arm <TAB> test <TAB> divergences <TAB> rulings <TAB> behaviour
#   M <TAB> target <TAB> file <TAB> owner-ERE <TAB> name-ERE <TAB> decl-ERE <TAB> family
#
# class: A SwiftUI-aligned (probe file + arm id in it + a test that resolves in
# Tests/), D documented divergence (live labels in docs/divergences.md), M
# MetalUI-only by design (rulings), X deprecated (the declaration carries
# @available(*, deprecated …); replacement in `behaviour`). R rows (documented
# absences) are not census rows; they live in docs/divergences.md and record
# §66 §1.3. `-` is an empty cell. A family's divergence column lists the
# labels it carries beside its class.
#
# M rows are matched in order; the first row whose target, file (path under
# Sources/<target>/), owner, name and declaration text all match claims the
# census row. Target, file, owner and name are EREs anchored as ^(…)$; decl-ERE
# is searched in the declaration's signature (the line the census points at
# joined with the following lines up to the one opening its body).
# Owners are the census's dotted enclosing type ('-' at file scope).

# ---------------------------------------------------------------- families
F	host	M	-	-	-	-	PB-A RS-A DC-A XP-B	the host: one App, windows driven by a display link, a headless renderFrame; SwiftUI's App/Scene lifecycle is not offered
F	element-protocols	M	-	-	-	-	SA-G MC-B LR-AA	Element/ElementGroup/StyledElement/ProposalElement/ProposalElementGroup: gpui's three-phase requestLayout/prepaint/paint protocols in place of View
F	passes	M	-	-	-	-	SA-H EV-L	LayoutPass/PrepaintPass/PaintPass phase objects; isHovered/isActive/isFocused paint-only (PhaseSeparationTests)
F	kernel-registrars	M	-	-	-	-	SA-A GR-C	LayoutPass's requestNative*/markNativeGrid* registrars: the kernel's primary API for a custom element
F	builder	A	swiftui-composition-identity.swift	V2	anElementAfterAnAppearingIfKeepsItsOwnState	-	ID-B ID-C ID-D	@ViewBuilder's shapes: one structural slot per if/for, content an evaluated conditional removes is reset on return, if/else/switch in every container
F	any-element	A	swiftui-composition-identity.swift	S2	stateInsideAnAnyElementPersistsAcrossFrames	-	ID-E	AnyView: @State/@Environment bind inside an AnyElement
F	explicit-identity	A	swiftui-composition-identity.swift	X9	anIDThatReturnsToAnEarlierNameStartsFresh	72	ID-G ID-R	.id(_:) on every element group; a changed name resets, a departed name starts fresh on return; two same-named siblings share one identity (72)
F	global-id	M	-	-	-	-	MC-C MC-P C-3	GlobalElementID/PathComponent: the structural identity path value (positional/named components, -1 for an overlay)
F	component	M	-	-	-	56 73	OM-D LR-BG ID-I ID-K	Component/StyledComponent: layout-transparent, identity-opaque composition; .width/.height frame each member; .frame is one layer over a row of per-member frames, the members aligned by the frame's own alignment where SwiftUI's Group uses the parent's (56)
F	deferred	M	-	-	-	9 10 46	LR-CH AP-I OM-AA	Deferred: a portal hoisting to the root layer; absolute content is a presentation root against the window
F	handlers	M	-	-	-	-	OM-AI IX-N	Handlers/HitboxID/KeyHandler: handler storage and hitbox ids
F	state	A	swiftui-closeout.swift	O1	anOptionalStateWithANonNilInitialValueReadsItBeforeItsFirstWrite	71	ID-F CX-F DD-D	@State per occurrence, dispatch-resolved; an optional with a non-nil default reads it before its first write (85 retired); a write from outside dispatch reaches the last-bound occurrence (71)
F	binding	A	swiftui-data-and-scrolling.swift	B5	theOptionalBindingInitialisersMatchSwiftUI	78	DD-D AN-Z	Binding<Value>: SwiftUI's surface (get/set, constant, dynamic member, optional initialisers, animation/transaction), @MainActor (78)
F	environment	A	swiftui-environment-scoping.swift	A1	theNearestWriterWinsAndAScopeEndsWithItsSubtree	-	EV-A EV-B EV-C EV-D EV-X	@Environment/EnvironmentValues/EnvironmentKey/.environment/.transformEnvironment/.disabled: nearest writer wins, a transform composes, a modifier after a scope is outside it
F	environment-control	A	swiftui-environment-control-state.swift	S2	aScopeCanWriteTheDisplayScaleAndThePixelLengthFollows	76 77	EV-AA EV-AB EV-AC AN-AD	displayScale/pixelLength, controlActiveState, controlSize, accessibilityReduceMotion: platform-stamped, scope-writable (reduce motion get-only); controlSize reaches only text and Button chrome (76); layout rounds to points (77)
F	environment-dynamic-type	A	swiftui-environment-scoping.swift	G0	dynamicTypeSizeChangesNoTextMeasurementUnderTheProposalAuthority	-	EV-I TE-E	dynamicTypeSize is carried and changes no built-in text size, as SwiftUI on macOS
F	environment-layout-direction	D	-	-	-	25	EV-K	layoutDirection is carried and readable; no container mirrors (25)
F	environment-locale	M	-	-	-	-	EV-Y	locale is carried and window-stamped; MetalUI has no formatter or tokenizer that reads it (record §05)
F	theme	M	-	-	-	-	EV-G EV-H	Theme/ColorToken/.theme: scoped, paint-only theme tokens
F	focus-state	A	swiftui-interaction.swift	F1	focusDropsWhenItsElementIsRenamedAndDoesNotReturn	94	IX-I IX-J	@FocusState/.focused: read the window's focus, move it from input; focus leaves with its identity; a click does not focus a .focusable() (94)
F	stacks	A	swiftui-stack-algorithms.swift	G1	aStackServesItsLeastFlexibleChildFirst	51 58 70 89	CN-B CN-C CN-E CN-H CN-I TE-K	HStack/VStack/ZStack/Spacer/alignments/.layoutPriority: SwiftUI's stack algorithms, typed alignment, text baselines
F	proposal-frame	A	swiftui-frame-semantics.swift	D1	aNativeFrameClampsItsProposalAndResponseToMinimumAndMaximum	38	FR-A FR-M CN-F SA-J	ProposalFrame/.frame on proposal content: fixed and flexible frames, ideal on an unspecified axis; a negative fixed size traps (38)
F	native-frame-alias	M	-	-	-	-	SA-K	nativeFrame(...): an undeprecated alias of .frame, kept because deprecating it breaks the 0-warning baseline (record §09)
F	proposal-padding	A	swiftui-engine-replacement-stage2.swift	N1	aNativePaddingPlacesItsChildAtTheChildsOwnSize	-	LR-AU SA-N	Padding/.padding on proposal content: insets the proposal, places the child at its own size
F	proposal-background	A	swiftui-outer-modifier-order.swift	A1	nativeBackgroundWrapsTheResolvedOuterBoundsAndPaintsBeforeItsContent	-	OM-C	Background/.background(token) on proposal content: fills the box it is written on, beneath its content
F	fixed-size	A	swiftui-engine-replacement-stage2.swift	F7	aFixedSizeTextKeepsItsOneLineWidthInANarrowStack	-	CN-B	FixedSize/.fixedSize: withholds the selected axes from the child's proposal
F	color-fill	A	swiftui-shapes-and-rendering.swift	P2	aColorAnswersItsProposalAndTenOnANilAxis	-	FR-A	Color: a greedy fill answering its proposal
F	aspect-ratio	A	swiftui-stack-algorithms.swift	AR1	anAspectRatioAnswersItsChildsAnswerToTheRatioProposal	97	TE-AM	.aspectRatio/.scaledToFit/.scaledToFill/ContentMode; nil ratio uses the child's own
F	proposal-border	A	swiftui-border-clip-paint.swift	D1	aBorderWrittenAfterCornerRadiusIsSquareOverARoundedFill	-	OM-W CX-B	.border on proposal content: a square band over whatever it is written after
F	opacity	A	swiftui-border-clip-paint.swift	G3	theOpacityOrderAnswersTheSameOnBothPathsThroughTheUnifiedType	46	OM-N LR-FW	.opacity on either vocabulary: what is written after it escapes it; a second opacity replaces the first (46)
F	hit-testing	A	swiftui-content-shape-hit-region.swift	N1	allowsHitTestingFalseRemovesTheRECEIVERSOwnPointerTargetAndItsSubtreesAndKeepsTheKeyboardOnes	23 41 42 44	OM-AK OM-AL EV-E IX-Z	.allowsHitTesting: gates the pointer target; per layer (44); default region the whole frame (41); a disabled target passes the click (23)
F	content-shape	A	swiftui-content-shape-hit-region.swift	H3	aContentShapeInsetShrinksTheHitRegionAndChangesNoLayout	43 50	OM-J OM-AB IX-L	.contentShape(inset:)/.contentShape(Shape): moves the pointer region only
F	modified-content	A	swiftui-outer-modifier-order.swift	L1	everyOuterModifierIsTheKindTheMatrixSaysUnderTheProposalAuthority	-	LR-FV MC-A	ModifiedContent<Content, Modifier>/LayoutModifier/ModifierLayerKind: one flat modifier chain, one layer per modifier, SwiftUI's ModifiedContent
F	modifier-layer	M	-	-	-	20	MC-A MC-C CX-C	ModifierLayer, the ModifiedElement typealias, _wrap: the legacy arm of ModifiedContent; a layer added at run time is adopted by the new outermost (20)
F	overlay	A	swiftui-overlay-primary-shape.swift	P1	aLegacyOverlayKeepsItsOverlaysStateThroughAFlipOfItsPrimarysShape	73	MC-P LR-FX	OverlayModifier/.overlay: the overlay at the primary's size under child -1; a multi-member primary traps (73)
F	background-modifier	A	swiftui-overlay-presentation.swift	H1	aLegacyBackgroundSitsBehindItsPrimaryAtThePrimarysSize	57 73	ID-J CN-K	BackgroundModifier/.background(alignment:content:): the overlay's recipe, painted first; a non-clickable primary passes a click to it (57)
F	scroll	A	swiftui-data-and-scrolling.swift	T11	scrollToWorksHorizontallyAndInAProposalScrollView	-	DD-G DD-H CN-F	ProposalScrollView/ScrollAxis/ScrollIndicatorVisibility: scroll axes, indicators (.visible as .automatic, .never as .hidden)
F	scroll-reader	A	swiftui-scrollviewreader-scope.swift	S2	scrollToIsScopedToItsReader	-	DD-G DD-K	ScrollViewReader/ScrollViewProxy.scrollTo: one slot, reach its own subtree, keys by value
F	unit-point	A	swiftui-data-and-scrolling.swift	T9	scrollToAnAnchorLandsTheTargetAtTheAnchor	-	DD-G TE-AN	UnitPoint: scrollTo anchors and grid cell anchors
F	proposal-text	A	swiftui-engine-replacement-stage1.swift	T3	aProposalTextBelowItsWidestBrokenLineAnswersTheProposal	60 86 87	LR-AU TE-H	ProposalText: text in the proposal vocabulary; answers min(proposal, widest line)
F	proposal-layout	A	swiftui-layout-protocol-contract.swift	I2	anUnplacedSubviewIsCentredInItsParentAtTheParentsProposal	-	SA-A SA-B SA-F	ProposalLayout/ProposalLayoutContainer/subview proxies/ProposedSize: SwiftUI's Layout without a cache
F	grid	A	swiftui-grid.swift	GA1	gridAndGridRowLayOutAsTheProbeReadsThroughTheElementAPI	61 62 63 65 66 67 68 88	GR-C GR-D GR-O CX-H	Grid/GridRow/cell modifiers: SwiftUI's Grid (reference model; residual disagreements 61, 62)
F	foreach	A	swiftui-data-and-scrolling.swift	F1	aForEachKeepsEachElementsStateThroughAReorder	79	DD-B DD-C	ForEach: identity by key, a dropped element resets; description-colliding ids keep the first (79)
F	transaction	A	swiftui-transactions-animation.swift	T5	withTransactionAnimatesAChangeAsWithAnimationDoes	99	AN-Y AN-Z	Transaction/withTransaction/.transaction/.animation(_:value:): a transaction stack; one root transaction per build (99)
F	transition	A	swiftui-transactions-animation.swift	X1	anOpacityTransitionFadesAnInsertedElementIn	98	AN-AE AN-AH	AnyTransition/Edge/.transition: the documented set; no default transition (98)
F	animation	A	swiftui-transactions-animation.swift	W3	aProposalOpacityAnimates	96 97	AN-X AN-AB	Animation curves and withAnimation: modifier wrappers animate at their phase; interpolation of declared input, not placed geometry (96); what snaps (97)
F	native-aliases	X	-	-	-	-	CX-C	Native… typealiases and native… modifiers: use the un-prefixed name (HStack, VStack, ZStack, ProposalFrame, Padding, Background, FixedSize, Spacer, Rectangle, Color, LayoutModifier, ModifiedContent, OverlayModifier, OnTapModifier; .padding/.fixedSize/.background/.clip/.border/.opacity/.allowsHitTesting/.overlay/.onTap)
F	stack-spacing-first-init	X	-	-	-	-	CN-I	HStack/VStack init(spacing:alignment:content:): use init(alignment:spacing:content:)
F	rectangle-color-init	X	-	-	-	-	TE-AC	Rectangle(color:): use Rectangle().fill(_:) (Rectangle(width:height:color:) stays, the fixed leaf convenience)
F	frame-no-args	X	-	-	-	-	FR-J	.frame() with no arguments: a deprecated no-op; delete the call
F	box	M	-	-	-	-	CN-A CX-D EP-8	Box: the legacy (CSS-derived) container, lowered onto the kernel; public init(decoration:), the style: initialisers package (CX-D)
F	decoration	M	-	-	-	47 49	OM-G OM-W LR-FW	Decoration/BorderStyle and the legacy background/hoverBackground/focusBackground/cornerRadius/border/hoverBorder/focusBorder: paint-only decoration on one order-insensitive record; corner radius rounds fill and border without clipping (47); a rounded border follows the arc (49)
F	legacy-containers	M	-	-	-	52 54	CN-A CN-P CX-E	Row/Column/Stack/Alignment/legacy ScrollView/ScrollState/ScrollContext: the legacy containers, lowered; Row/Column gap 0 (52); legacy ScrollView's cross axis from its parent (54)
F	style	M	-	-	-	-	LR-FM LR-FO	Style/Position/FlexDirection/AlignItems/AlignSelf/JustifyContent: opaque outside the package
F	list	M	-	-	-	13 32 84	LR-BQ DD-F DD-Z DD-AB	List: virtualized, data-driven, uniform rows; selection; windows against its own origin
F	css-item-fields	M	-	-	-	-	LR-AB LR-AS LR-FO	margin/gap/justifyContent/alignItems/flexGrow/flexShrink/flexBasis(length)/alignSelf/position/inset/flexDirection: CSS item and container fields lowered onto the kernel, unlowerable cases refused by name
F	legacy-padding	A	swiftui-outer-modifier-order.swift	E2	legacyPaddingAccumulatesAcrossAChainAsSwiftUIDoes	42	OM-D OM-E	StyledElement.padding: one wrapper layer; chained padding accumulates; a padded click target is hittable in its padding (42)
F	legacy-frame	A	swiftui-frame-semantics.swift	E1	chainedLegacyFramesAgreeWithSwiftUIsOrderingRules	-	FR-C CN-N LR-DH CX-G	ElementGroup.frame(...): SwiftUI's frame surface on legacy content, lowered onto the kernel frame (ideal and flexible maxima answer as SwiftUI; 35 and 39 retired by CX-G)
F	legacy-clip	A	swiftui-border-clip-paint.swift	E1	aLegacyClipShapeClipsItsChildrenAndItsHitboxes	91 92	TE-AJ OM-G	StyledElement.clipped/.clipShape: clip the subtree and its hitboxes
F	hidden	A	swiftui-engine-replacement-stage1.swift	H1	aHiddenChildKeepsItsSpaceUnderTheProposalAuthority	-	LR-DH IX-K	.hidden(): keeps its space, paints nothing, takes no hit, is not published, leaves the keyboard's focus half
F	legacy-keyboard	M	-	-	-	21 22 26 94	EV-F IX-K TI-J	onKey/focusable/onAction/keyContext: gpui's raw key and action handlers and focusability (21, 22, 26, 94)
F	on-click	M	-	-	-	27	IX-B AB-G	onClick (and proposal onTap/OnTapModifier): Button semantics (press and release on one element), pressable through accessibility (27)
F	focus-border	M	-	-	-	-	OM-V IX-H	focusBorder/focusBackground: the opt-in focus ring and focus fill
F	button	A	swiftui-interaction.swift	B2	aButtonRunsItsActionOncePerClickAndNotOnAPressReleasedOutside	76 80	DD-R IX-E IX-F	Button/ButtonRole/ButtonStyle/.keyboardShortcut on a Button: actions, roles (ButtonRole binds a key, draws nothing), styles, pressed look
F	controls	A	swiftui-controls-and-selection.swift	SA1	anUnsteppedAdjustmentMovesTenPercentOfTheSpan	80 82	DD-S DD-W DD-X	Toggle/Slider/Stepper on Binding: values, steps, clamping, keys once focused (80); the partial accessibility fold (82)
F	picker	A	swiftui-controls-and-selection.swift	PA1	pressingAnOptionWritesItsTag	80 81 82	DD-V DD-AA	Picker/PickerStyle/.tag/TaggedElement: options found through tags; automatic is segmented, not a menu (81)
F	text	A	swiftui-text-semantics.swift	F6a	theEnvironmentFontReachesATextAndTheTextsOwnWins	60 86 87	TE-A TE-F TE-H TE-AA	Text (legacy-vocabulary leaf): measured and drawn through the text seam; fonts, line limits, truncation; width not ceiled to the pixel grid (60); line advance (86); middle truncation (87)
F	text-proposal-bridge	M	-	-	-	-	LR-S CN-A	Text.proposalLayout(): converts a legacy Text to a ProposalText, dropping background, handlers, id and hover/focus colours
F	font	A	swiftui-text-semantics.swift	F1	aTextStyleResolvesToMacOSsFace	-	TE-B TE-C TE-D TE-E	Font, Font.Weight, Font.Design, Font.TextStyle: system sizes/weights/designs, the eleven text styles, custom families
F	text-modifiers	A	swiftui-text-semantics.swift	L1	aLineLimitCapsLinesAndAnswersTheWidestKeptLine	-	TE-H TE-I TE-J TE-AA	.font/.fontWeight/.italic/.foregroundStyle/.foregroundColor/.lineLimit/.truncationMode/.multilineTextAlignment, TextAlignment, Text.TruncationMode
F	text-input	M	-	-	-	-	TI-A TI-B TI-D TI-G TI-H	TextField/TextEditor controlled initialisers, submit, undo, paging: MetalUI's own text-input surface
F	text-input-binding	M	-	-	-	-	DD-E	TextField(_:text:)/TextEditor(_:text:) over Binding<String>, forwarding to the controlled initialisers; MetalUI-only evidence: no probe arm exercises TextField(text:)/TextEditor(text:) (data-and-scrolling's B4 is a Binding built outside any view), so the forwarding is pinned by aTextFieldBoundToStateUpdatesItOnEveryEdit alone; the Binding surface itself is the binding family's (B4/B5)
F	shapes	A	swiftui-shapes-and-rendering.swift	S1	everyBuiltInShapeAnswersItsProposalAndACircleTheSmallerSquare	90	TE-AC TE-AG TE-AH TE-AE	Shape/ShapeGeometry/Rectangle/RoundedRectangle/Circle/Capsule/Ellipse/ShapeView/.fill/.stroke/.strokeBorder; continuous corners drawn circular (90)
F	clip-shape	A	swiftui-shapes-and-rendering.swift	C3	clippedAndCornerRadiusClipOnTheProposalPath	91 92	TE-AJ	.clipShape/.clipped/.cornerRadius/.clip on proposal content: one clip layer; an ellipse clip traps (91); crossing rounded clips square (92)
F	shape-background	A	swiftui-shapes-and-rendering.swift	O2	backgroundInAShapeIsTheFilledShapeAndDefaultsToTheBackgroundToken	-	TE-AK	.background(_:in:)/.background(in:): a filled shape behind the content
F	image	A	swiftui-shapes-and-rendering.swift	I1	anImageAnswersItsPointSizeAtEveryProposal	93	TE-AL TE-AM	Image/Image.Interpolation: decorative and labelled images, .resizable, .interpolation (.high draws bilinear, 93)
F	image-bitmap	M	-	-	-	-	TE-AL	ImageBitmap: the portable stand-in for CGImage (premultiplied RGBA8)
F	gestures	A	swiftui-interaction.swift	H2	anOuterHighPriorityGestureBeatsTheInnerOneAndAButton	-	IX-B IX-C IX-D IX-Q	Gesture/TapGesture/LongPressGesture/DragGesture/composition and .gesture/.simultaneousGesture/.highPriorityGesture/.onTapGesture/.onLongPressGesture: one arena per press
F	keyboard-shortcut	A	swiftui-interaction.swift	B4e	aShortcutFiresItsButtonWithoutFocusOnAnExactModifierMatch	-	IX-F	KeyEquivalent/KeyboardShortcut/EventModifiers: exact, case-folded matching in tree order
F	keymap	M	-	-	-	-	EV-N IN-A	Keymap/KeyBinding/Keystroke/KeymapBuilder/KeyContext/ContextPredicate/Action/ActionHandler: gpui's keymap and actions
F	accessibility-modifiers	A	swiftui-accessibility-part2.swift	E3	aCombinedElementJoinsItsChildrenIntoOneStaticText	29 30 31 33 34 82 95	IX-U IX-V IX-X IX-Y AB-T	accessibility modifiers on both vocabularies, AccessibilityModifier/Traits/ChildBehavior/Adjustment: .ignore/.combine/.contain, hidden, hint, identifier, traits, declared and named actions, modal isolation (95)
F	axnode	M	-	-	-	32	AB-C AB-F AB-U	AXNode/AXRole/AXTrait: the neutral accessibility record a StyledElement declares; a List publishes realised rows only (32)
F	axnode-actions	X	-	-	-	-	IX-Y CX-C	AXActionKind/AXNode.actions/AXNode.init(…actions:…): use accessibilityAction(_:)/accessibilityAdjustableAction(_:)
F	sizing-modifiers	X	-	-	-	-	FR-I LR-ER LR-EU CN-O	width/height/minWidth/minHeight/maxWidth/maxHeight and width/height(fraction:)/(percent:): use .frame (LR-ES recipe R1–R8)
F	flex-basis-fraction	X	-	-	-	-	CX-C	flexBasis(fraction:)/flexBasis(percent:): no SwiftUI counterpart; declare a length or a .frame
F	core-geometry	M	-	-	-	-	C-1 PC-A	MetalUICore geometry and units (Point, Size, Bounds, Edges, Corners, Axes, Pixels, Rems, Length, Dimension, …)
F	core-color	M	-	-	-	1	F-1 TB-A	Hsla/Rgba: colours authored in sRGB, composited in a Display P3 layer (1)
F	core-appearance	M	-	-	-	-	EV-H CR-J	Appearance: the pre-colour name of ColorScheme, kept as a typealias, not deprecated (CR-J)
F	color-value	A	swiftui-colour.swift	R1	literalInitialisersAuthorGammaSRGB	1 116 117 118	CR-B CR-C CR-F CR-G CR-H CR-R	Color as a value: sRGB/sRGBLinear/white/HSB initialisers (gamma sRGB, R1), RGBColorSpace, SwiftUI's named statics (hues frozen at macOS 27, 117; primary/secondary/accentColor through the theme, 116), opacity(_:) multiplies, component equality, Resolved/resolve(in:) clamped (118); literals share the P3 layer (1)
F	color-theme-backed	M	-	-	-	-	CR-E CR-H CR-N CR-O	Color(_ token:), Color(_ hsla:), Color(light:dark:), Color(_ key:) over a ThemeColorKey, the nine token-named statics, PaintPass.resolve(_:): colours that resolve through the scoped theme and colour scheme
F	color-deprecated	X	-	-	-	-	CR-D CR-E	Color.color (the ColorToken a Color view held): compare against Color(.token), or resolve with PaintPass.resolve(_:)
F	theme-palette	M	-	-	-	-	CR-N	ThemeColorKey and Theme[key:]: an app palette in the theme, a typed key with a default (often Color(light:dark:)), overridable per theme variant; SwiftUI's answer is an asset catalog
F	color-scheme	A	swiftui-colour.swift	E0	aBareEnvironmentReadsLightLikeSwiftUI	-	CR-J	ColorScheme (.light, .dark) and EnvironmentValues.colorScheme: readable while building, stamped from the window's appearance, light in a bare environment (E0)
F	preferred-color-scheme	A	swiftui-colour.swift	P1	preferredColorSchemeIsWindowWide	-	CR-L CR-T CR-Q	.preferredColorScheme(_:): window-wide, SwiftUI's reduction (first non-nil top-level wins), sets the platform window's appearance (P1)
F	window-color-scheme	M	-	-	-	-	CR-J CR-K CR-L CR-N	Window.colorScheme/preferredColorScheme/lightTheme/darkTheme and App.preferredColorScheme/lightTheme/darkTheme: the window's scheme and theme variants, app-wide defaults
F	control-active-state	A	swiftui-environment-control-state.swift	V0	controlActiveStateIsKeyInABareValueAndAWindowlessFrameAndAScopeCanWriteIt	-	EV-AB	ControlActiveState: key/active/inactive, SwiftUI's cases; the platform mapping is MetalUI's own (C1–C3 unmeasured)
F	layout-direction-type	D	-	-	-	25	EV-K	LayoutDirection: carried, read by no container (25)
F	layout-kernel	M	-	-	-	77	SA-L SA-M GR-C	MetalUILayout's LayoutTree, node ids, registrars, measure functions, grid marks, spacing, rounding (77)
F	platform	M	-	-	-	-	RS-A AB-R EV-AB AN-AD	MetalUIPlatform: Platform/PlatformWindow/WindowRenderer, input events, the neutral accessibility tree
F	render	M	-	-	-	-	RS-B RS-C	MetalUIRender/MetalUIPrimitives/MetalUIAppKit: the Metal renderer, surfaces, shader library, the AppKit platform
F	scene	M	-	-	-	-	PS-A PS-B TE-AF GX-F	MetalUIScene: Scene, draw runs, the glyph atlas, FontKey, GlyphImage, ImageTexture, the per-instance transform table
F	text-system	M	-	-	-	-	TS-A TS-B TX-B	MetalUIText/MetalUITextSystem: the TextSystem seam and its CoreText conformer
F	portable-text	M	-	-	-	-	FT-B SH-B PT-A LB-A FN-A FB-A BD-B SF-A	MetalUIFreeType/MetalUIHarfBuzz/MetalUIPortableText/MetalUISystemFonts: the portable text pipeline
F	demo-content	M	-	-	-	-	LR-S CX-Q	MetalUIDemoContent: the demo trees, importable by tests
F	transferable	A	swiftui-drag-and-drop.swift	T5	aStringExportsAndImportsUTF8PlainTextOnly	-	DN-B DN-S	Transferable/ContentType: MetalUI's own synchronous Data-based protocol with CoreTransferable's call-site spellings; String/URL/Data conform; transferRepresentation is not offered
F	drag-and-drop	A	swiftui-drag-and-drop.swift	P14	isTargetedTurnsFalseBeforeTheNextTrueAndBeforeTheAction	100 101 102	DN-A DN-D DN-F DN-G DN-H DN-J DN-K DN-M	draggable(_:)/draggable(_:preview:)/dropDestination(for:action:isTargeted:) and their modifiers: a drag begins on the first move, outranks tap/long press/click, the one hit ranking finds the destination, isTargeted false before the next true
F	context-menus	A	swiftui-menus-popovers.swift	C1	aRightPressOverAContextMenuPresentsItsItemsToThePlatform	110 114	MN-B MN-C MN-D MN-E MN-F MN-U MN-V MN-AE	.contextMenu on both vocabularies (ContextualModifier) and the closed MenuContent vocabulary (Button/Toggle/Menu/Divider/Text items, MenuContentBuilder, MenuItems, Menu's declaration): a native NSMenu or a drawn in-window menu, evaluated at each open; a secondary press only opens menus (110); a painted cover does not block (114)
F	menu-bar	A	swiftui-commands.swift	PLAIN	theDefaultMenuBarHasTheStandardMenus	-	MN-I MN-J MN-K MN-X MN-AA MN-AF	App.commands(content:) with CommandMenu/CommandGroup/CommandGroupPlacement/CommandsBuilder/CommandItems and Platform.setMenuBar/PlatformMenuBar: the standard menus as NSApp.mainMenu on AppKit (Edit items reach the focused field as its keys), recorded and undrawn on SDL; a command's shortcut fires after the window's own stages, once
F	pull-down-menu	A	swiftui-menus-popovers.swift	M1	aPullDownMenuPublishesAsAMenuButtonAndOpensBelowItself	-	MN-H MN-AD MN-AF	Menu("Title") { } as a view: Button's chrome and keys opening its items at its bottom-leading corner (native on AppKit, the drawn panel elsewhere), published as a menu button
F	popovers	A	swiftui-menus-popovers.swift	P1	thePopoverSitsOnItsArrowEdgeOfTheAnchor	111 112	MN-L MN-M MN-N MN-O MN-X MN-Y MN-Z MN-AG	.popover(isPresented:arrowEdge:content:) and .popover(item:arrowEdge:content:) on both vocabularies (PopoverModifier, one identity level): anchored to the wrapped element, on arrowEdge's side (nil is .top, P7), flipped and clamped inside the window (111), no arrow (112); an outside press dismisses and passes on, the anchor's is consumed, Escape before the keymap; a non-modal .popover node
F	help	A	swiftui-menus-popovers.swift	H1	helpPublishesTheSameTreeAsAccessibilityHint	113	MN-P MN-U MN-V MN-AG	.help(_:) on both vocabularies: accessibilityHint's declaration (H1-H5) plus a tooltip drawn by the window after 1.0 s of display-link time (113)
F	gpu-surface	A	swiftui-metal-view.swift	G1	aSurfaceAnswersItsProposalAndTenOnANilAxis	103	MV-A MV-B MV-G MV-I	GPUSurface/MetalView: an app-owned GPU surface, a proposal leaf sized like Canvas (the proposal, 10 on a nil axis), composited as an image through the clip, opacity, layer and transitions; .onDemand redraws on a new target or a changed value (103), .continuous every painted frame
F	lifecycle	A	swiftui-lifecycle.swift	C1	onChangePassesTheOldAndNewValues	120 121 122 123 124	LC-B LC-C LC-E LC-F LC-G LC-H LC-I LC-J LC-Q	onAppear/onDisappear/onChange(of:initial:_:) and LifecycleScope: a transparent scope; presence is membership in a build (a List row out of its window disappears); actions run after the build under StateDispatch, one settle build per frame (121); changes, appears, disappears in reverse pre-order (122); a disappearance waits for its removal ghost and reads its departed state; re-inserted mid-ghost content is fresh (123); a decoration after the scope does not compile (120); a List's first frame appears every row (124)
F	render-effects	A	swiftui-paths-shadows-transforms.swift	T1	aRotationEffectChangesPaintAndNotLayout	41 107 108 109	GX-G GX-H GX-I GX-P	rotationEffect/scaleEffect/offset (and Angle) on both vocabularies: render only — layout unchanged, hit testing and the accessibility frame follow the transform (41 amended, 107); the legacy spellings return Self and wrap the whole element (108); a clip between two nested rotations is its screen bounding box (109); animate on the animation store
F	paths	A	swiftui-paths-shadows-transforms.swift	PA1	aPathViewAnswersItsProposalAndDrawsAtItsOwnCoordinates	90 91 97	GX-B GX-C GX-D GX-K	Path (and Shape.path(in:), ShapeGeometry.path): SwiftUI's mutators over Point/Bounds, a Shape and a view drawing its own coordinates from its layout origin, rasterized on the CPU in device pixels after every effect and drawn as an image (cached by value); .continuous corners circular (90); a path clip traps (91); a path view snaps (97)
F	stroke-styles	A	swiftui-paths-shadows-transforms.swift	PA2	evenOddFillStyleEmptiesTheRing	97	GX-E	FillStyle/StrokeStyle/LineCap/LineJoin and the styled fill/stroke/strokeBorder: nonzero and even-odd, caps, joins, the miter limit and dashes; a plain-width stroke of a built-in keeps its SDF band; a stroke width snaps (97)
F	shadows	A	swiftui-paths-shadows-transforms.swift	SH5	aShadowIsDrawnBelowEachLeaf	104 105	GX-J GX-K GX-Q	shadow(color:radius:x:y:) on both vocabularies: per leaf (a text draw is one leaf; a background and border one primitive, a surface its quad — 104), a triple box blur of sigma = radius (105), the default colour ColorToken.shadow; render only — no layout, hit region or accessibility change; colour, radius and offset animate
F	app-icon	M	-	-	-	-	AI-A AI-B AI-C AI-E AI-G	App.icon/Platform.setApplicationIcon(_:)/the AppKit conformer/demoIcon(): one application-wide icon from ImageBitmaps; SwiftUI has no runtime icon API (bundle asset catalog), so MetalUI-only by design
F	window-resizability	D	swiftui-window-sizing.swift	W1	contentMinSizeIsTheRootsAnswerAtAZeroProposal	126	SV-L	WindowResizability (.automatic, .contentMinSize, .contentSize): SwiftUI's cases as window state; .contentMinSize's minimum is the root's answer at a zero proposal (W1), .contentSize adds its answer at an infinite proposal (W2); .automatic asks the content nothing, and the limits carry no title-bar inset (126)
F	window-sizing	M	-	-	-	-	SV-L SV-M	Window.minSize/maxSize/windowResizability and App.openWindow's minSize:/maxSize:/windowResizability: parameters: SwiftUI's .defaultSize/.windowResizability scene modifiers become window state (App is not a Scene); effective limits reach PlatformWindow.setContentSizeLimits only when they change
F	platform-services-seam	M	-	-	-	-	SV-B SV-E SV-G SV-S	PlatformWindow.presentFileDialog/presentAlert/dismissPresentation/setContentSizeLimits (defaultless), PlatformFileType/PlatformFileDialog/FileDialogResultEvent/PlatformAlert/PlatformAlertButton/AlertResultEvent, InputEvent.pointerExited/.fileDialogResult/.alertResult, AccessibilityRole.popUpButton/.alert: a native dialog or alert, or "draw it yourself", answered as queued input
F	presentation-scope	D	-	-	-	120	SV-K	PresentationScope: the transparent ElementGroup .fileImporter/.fileExporter/.alert/.confirmationDialog return — no node, no identity level, its record in the window's registry, reconciled after the frame, one presentation in flight per window; a legacy decoration after it does not compile (120)
F	file-dialogs	D	swiftui-platform-services.swift	D1	anImporterPresentsAfterTheFrameOnceWhileShown	129	SV-C SV-K	fileImporter (both forms)/fileExporter(item:contentTypes:defaultFilename:onCompletion:onCancellation:)/FileExportError: SwiftUI's subset over MetalUI's ContentType and synchronous Transferable; isPresented written false before the callback, a cancelled import calls nothing (D2), a nil item still presents (X5), the exporter writes the conforming representation or the first; off Apple a type filters by extension only (129)
F	file-dialog-call	M	-	-	-	-	SV-D SV-AD	FileDialogs (openFiles/saveFile)/FileDialogError/Window.fileDialogs/EnvironmentValues.fileDialogs: MetalUI's async open and save calls (SwiftUI has none; gpui's prompt_for_paths is the comparison), main-actor, holding the window weakly; a cancel returns []/nil, one dialog at a time (.busy), a cancelled task dismisses
F	content-type-extensions	D	-	-	-	129	SV-E	ContentType(_:conformingTo:filenameExtensions:)/preferredFilenameExtension/ContentType.json: UTType's filename extensions reduced to a list and public.json conforming to public.text; a file dialog off Apple matches by extension alone (129)
F	alerts	A	swiftui-platform-services.swift	A1	alertButtonsResolveSwiftUIsOrderAndKeys	-	SV-I SV-J SV-X SV-Y	alert (four forms, presenting: included)/confirmationDialog (two forms)/AlertActions (closed)/AlertActionsBuilder/AlertActionItems: SwiftUI's buttons — cancel last and on Escape, a synthesized Cancel beside a lone destructive, OK for none, Return on the first plain button only without a destructive one (K0–K3); presenting: nil still presents title and OK (R1); an NSAlert sheet on AppKit, drawn in the window elsewhere
F	hover	A	swiftui-platform-services.swift	H1	onHoverFiresOnEnterAndLeaveFromInput	-	SV-N SV-Z SV-U	onHover(perform:)/onContinuousHover(perform:)/HoverPhase/HoverModifier on both vocabularies: SwiftUI's spellings; the semantics are MetalUI's (H1–H11 are a recorded broken instrument): a non-opaque region per element, the hovered set through the one ranking (an opaque target or a hover region above covers, nested regions all hover), from input and after the frame, under StateDispatch

# ---------------------------------------------------------------- MetalUI
M	MetalUI	AccessibilityAdjustment.swift	.*	.*	.*	accessibility-modifiers
M	MetalUI	AccessibilityModifiers.swift	.*	.*	.*	accessibility-modifiers
M	MetalUI	AccessibilityTraits.swift	.*	.*	.*	accessibility-modifiers
M	MetalUI	ProposalAccessibility.swift	.*	.*	.*	accessibility-modifiers
M	MetalUI	Action.swift	.*	.*	.*	keymap
M	MetalUI	Animation.swift	.*	.*	.*	animation
M	MetalUI	AnimationScope.swift	.*	.*	.*	transaction
M	MetalUI	Transaction.swift	.*	.*	.*	transaction
M	MetalUI	Transition.swift	.*	.*	.*	transition
M	MetalUI	TransitionGroup.swift	.*	.*	.*	transition
M	MetalUI	AnyElement.swift	-	ElementObject	.*	element-protocols
M	MetalUI	AnyElement.swift	.*	.*	.*	any-element
M	MetalUI	App.swift	App	icon	.*	app-icon
M	MetalUI	App.swift	App	(preferredColorScheme|lightTheme|darkTheme)	.*	window-color-scheme
M	MetalUI	App.swift	App	openWindow	.*(minSize|windowResizability).*	window-sizing
M	MetalUI	App.swift	.*	.*	.*	host
M	MetalUI	Frame.swift	.*	.*	.*	host
M	MetalUI	RenderFrame.swift	.*	.*	.*	host
M	MetalUI	Window.swift	Window	(colorScheme|preferredColorScheme|lightTheme|darkTheme)	.*	window-color-scheme
M	MetalUI	Window.swift	Window	(minSize|maxSize|windowResizability)	.*	window-sizing
M	MetalUI	WindowSizing.swift	.*	.*	.*	window-resizability
M	MetalUI	Window.swift	.*	.*	.*	host
M	MetalUI	AXNode.swift	-	AXActionKind	.*	axnode-actions
M	MetalUI	AXNode.swift	AXNode	actions	.*	axnode-actions
M	MetalUI	AXNode.swift	AXNode	init	actions:	axnode-actions
M	MetalUI	AXNode.swift	.*	.*	.*	axnode
M	MetalUI	Binding.swift	.*	.*	.*	binding
M	MetalUI	Box.swift	(-|Box|Box\..*)	(Box|style|decoration|elementID|handlers|content|init|Layout|node|requestLayout|prepaint|paint)	.*	box
M	MetalUI	Box.swift	Box	flexDirection	.*	css-item-fields
M	MetalUI	Box.swift	-	(Decoration|BorderStyle)	.*	decoration
M	MetalUI	Box.swift	(Decoration|BorderStyle)	.*	.*	decoration
M	MetalUI	Box.swift	-	StyledElement	.*	element-protocols
M	MetalUI	Box.swift	StyledElement	onClick	.*	on-click
M	MetalUI	Box.swift	StyledElement	(focusable|onKey|onAction|keyContext)	.*	legacy-keyboard
M	MetalUI	Box.swift	StyledElement	id	.*	explicit-identity
M	MetalUI	Box.swift	StyledElement	(background|hoverBackground|cornerRadius|border|hoverBorder)	.*	decoration
M	MetalUI	Box.swift	StyledElement	(focusBackground|focusBorder)	.*	focus-border
M	MetalUI	Box.swift	StyledElement	(width|height|minWidth|minHeight|maxWidth|maxHeight)	.*	sizing-modifiers
M	MetalUI	Box.swift	StyledElement	padding	.*	legacy-padding
M	MetalUI	Box.swift	StyledElement	flexBasis	(fraction|percent):	flex-basis-fraction
M	MetalUI	Box.swift	StyledElement	(margin|gap|justifyContent|alignItems|flexGrow|flexShrink|flexBasis|alignSelf|position|inset)	.*	css-item-fields
M	MetalUI	Box.swift	StyledElement	hidden	.*	hidden
M	MetalUI	Box.swift	StyledElement	opacity	.*	opacity
M	MetalUI	Box.swift	StyledElement	clipped	.*	legacy-clip
M	MetalUI	Box.swift	StyledElement	allowsHitTesting	.*	hit-testing
M	MetalUI	Box.swift	StyledElement	contentShape	.*	content-shape
M	MetalUI	Button.swift	.*	.*	.*	button
M	MetalUI	ButtonStyle.swift	.*	.*	.*	button
M	MetalUI	ClipShape.swift	ElementGroup	background	.*	shape-background
M	MetalUI	ClipShape.swift	StyledElement	clipShape	.*	legacy-clip
M	MetalUI	ClipShape.swift	.*	.*	.*	clip-shape
M	MetalUI	Component.swift	.*	.*	.*	component
M	MetalUI	ProposalNodeID.swift	Component	.*	.*	component
M	MetalUI	ProposalNodeID.swift	.*	.*	.*	element-protocols
M	MetalUI	Deferred.swift	.*	.*	.*	deferred
M	MetalUI	Element.swift	.*	.*	.*	element-protocols
M	MetalUI	ElementBuilder.swift	.*	.*	.*	builder
M	MetalUI	ElementGroup.swift	-	(ElementGroup|SingleElementLayout)	.*	element-protocols
M	MetalUI	ElementGroup.swift	Element	.*	.*	element-protocols
M	MetalUI	ElementGroup.swift	AnyElement	.*	.*	any-element
M	MetalUI	ElementGroup.swift	.*	.*	.*	builder
M	MetalUI	ProposalElementGroup.swift	-	(ProposalElementGroup)	.*	element-protocols
M	MetalUI	ProposalElementGroup.swift	(ProposalElementGroup)	.*	.*	element-protocols
M	MetalUI	ProposalElementGroup.swift	.*	.*	.*	builder
M	MetalUI	ElementID.swift	(-|ElementID)	ElementID|name|init	.*	explicit-identity
M	MetalUI	ElementID.swift	.*	.*	.*	global-id
M	MetalUI	ExplicitIdentity.swift	.*	.*	.*	explicit-identity
M	MetalUI	EnvironmentProperty.swift	.*	.*	.*	environment
M	MetalUI	EnvironmentScope.swift	ElementGroup	theme	.*	theme
M	MetalUI	EnvironmentScope.swift	ElementGroup	dynamicTypeSize	.*	environment-dynamic-type
M	MetalUI	EnvironmentScope.swift	ElementGroup	controlSize	.*	environment-control
M	MetalUI	EnvironmentScope.swift	ElementGroup	preferredColorScheme	.*	preferred-color-scheme
M	MetalUI	EnvironmentScope.swift	.*	.*	.*	environment
M	MetalUI	EnvironmentValues.swift	EnvironmentValues	(displayScale|pixelLength|controlActiveState|accessibilityReduceMotion|controlSize)	.*	environment-control
M	MetalUI	EnvironmentValues.swift	-	ControlSize	.*	environment-control
M	MetalUI	EnvironmentValues.swift	(-|DynamicTypeSize)	(DynamicTypeSize|isAccessibilitySize)	.*	environment-dynamic-type
M	MetalUI	EnvironmentValues.swift	EnvironmentValues	dynamicTypeSize	.*	environment-dynamic-type
M	MetalUI	EnvironmentValues.swift	EnvironmentValues	layoutDirection	.*	environment-layout-direction
M	MetalUI	EnvironmentValues.swift	EnvironmentValues	locale	.*	environment-locale
M	MetalUI	EnvironmentValues.swift	EnvironmentValues	(font|lineLimit|truncationMode|multilineTextAlignment)	.*	text-modifiers
M	MetalUI	EnvironmentValues.swift	EnvironmentValues	colorScheme	.*	color-scheme
M	MetalUI	EnvironmentValues.swift	EnvironmentValues	fileDialogs	.*	file-dialog-call
M	MetalUI	EnvironmentValues.swift	.*	.*	.*	environment
M	MetalUI	Flex.swift	.*	.*	.*	legacy-containers
M	MetalUI	Stack.swift	.*	.*	.*	legacy-containers
M	MetalUI	ScrollView.swift	-	(ScrollAxis|ScrollIndicatorVisibility)	.*	scroll
M	MetalUI	ScrollView.swift	.*	.*	.*	legacy-containers
M	MetalUI	Focus.swift	.*	.*	.*	handlers
M	MetalUI	Handlers.swift	.*	.*	.*	handlers
M	MetalUI	Hitbox.swift	.*	.*	.*	handlers
M	MetalUI	FocusState.swift	.*	.*	.*	focus-state
M	MetalUI	Font.swift	(-|Text)	(TextAlignment|TruncationMode)	.*	text-modifiers
M	MetalUI	Font.swift	.*	.*	.*	font
M	MetalUI	ForEach.swift	.*	.*	.*	foreach
M	MetalUI	FrameLayer.swift	ElementGroup	frame	frame\(\)	frame-no-args
M	MetalUI	FrameLayer.swift	.*	.*	.*	legacy-frame
M	MetalUI	ModifiedElement.swift	ElementGroup	frame	.*	legacy-frame
M	MetalUI	ModifiedElement.swift	.*	.*	.*	modifier-layer
M	MetalUI	Gesture.swift	.*	.*	.*	gestures
M	MetalUI	GestureModifiers.swift	.*	.*	.*	gestures
M	MetalUI	Grid.swift	LayoutPass	.*	.*	kernel-registrars
M	MetalUI	Grid.swift	.*	.*	.*	grid
M	MetalUI	Image.swift	.*	.*	.*	image
M	MetalUI	ImageBitmap.swift	.*	.*	.*	image-bitmap
M	MetalUI	KeyboardShortcut.swift	.*	.*	.*	keyboard-shortcut
M	MetalUI	KeyContext.swift	.*	.*	.*	keymap
M	MetalUI	Keymap.swift	.*	.*	.*	keymap
M	MetalUI	List.swift	.*	.*	.*	list
M	MetalUI	ModifiedContent.swift	(-|ModifierLayer)	(ModifiedElement|_elementID|_requestLayout|_prepaint|_paint|_legacyStack)	.*	modifier-layer
M	MetalUI	ModifiedContent.swift	.*	.*	.*	modified-content
M	MetalUI	NativeBackgroundModifier.swift	.*	.*	.*	background-modifier
M	MetalUI	NativeElements.swift	-	Native.*	.*	native-aliases
M	MetalUI	NativeElements.swift	(HStack|VStack)	init	spacing: Pixels, alignment: ProposalAlignment	stack-spacing-first-init
M	MetalUI	NativeElements.swift	(-|HStack|VStack|ZStack|Spacer)	(HStack|VStack|ZStack|Spacer|content|spacing|alignment|minLength|init|Layout|requestProposalLayout|prepaint|paint)	.*	stacks
M	MetalUI	NativeElements.swift	-	(ProposalFrame)	.*	proposal-frame
M	MetalUI	NativeElements.swift	(ProposalFrame)	.*	.*	proposal-frame
M	MetalUI	NativeElements.swift	-	(Padding)	.*	proposal-padding
M	MetalUI	NativeElements.swift	(Padding)	.*	.*	proposal-padding
M	MetalUI	NativeElements.swift	-	(Background)	.*	proposal-background
M	MetalUI	NativeElements.swift	(Background)	.*	.*	proposal-background
M	MetalUI	NativeElements.swift	-	(FixedSize)	.*	fixed-size
M	MetalUI	NativeElements.swift	(FixedSize)	.*	.*	fixed-size
M	MetalUI	NativeElements.swift	Rectangle	init	init\(color:	rectangle-color-init
M	MetalUI	NativeElements.swift	-	(Rectangle)	.*	shapes
M	MetalUI	NativeElements.swift	(Rectangle)	.*	.*	shapes
M	MetalUI	Color.swift	Color	color	.*	color-deprecated
M	MetalUI	Color.swift	Color	(background|surface|surfaceSecondary|accent|separator|textPrimary|scrollIndicator|scrim|shadow)	.*	color-theme-backed
M	MetalUI	Color.swift	Color	init	(ColorToken|Hsla|light:|ThemeColorKey)	color-theme-backed
M	MetalUI	Color.swift	-	ThemeColorKey	.*	theme-palette
M	MetalUI	Color.swift	(-|Color|Color\.RGBColorSpace|Color\.Resolved)	.*	.*	color-value
M	MetalUI	NativeElements.swift	-	(Color)	.*	color-fill
M	MetalUI	NativeElements.swift	(Color)	.*	.*	color-fill
M	MetalUI	Angle.swift	.*	.*	.*	render-effects
M	MetalUI	RenderEffects.swift	.*	.*	.*	render-effects
M	MetalUI	Path.swift	.*	.*	.*	paths
M	MetalUI	Shadow.swift	.*	.*	.*	shadows
M	MetalUI	StrokeStyle.swift	.*	.*	.*	stroke-styles
M	MetalUI	NativeModifiedContent.swift	LayoutModifier	shadow	.*	shadows
M	MetalUI	NativeModifiedContent.swift	LayoutModifier	rotationEffect|scaleEffect|offset	.*	render-effects
M	MetalUI	NativeModifiedContent.swift	-	Native.*	.*	native-aliases
M	MetalUI	NativeModifiedContent.swift	ProposalElementGroup	nativeFrame	.*	native-frame-alias
M	MetalUI	NativeModifiedContent.swift	ProposalElementGroup	native.*	.*	native-aliases
M	MetalUI	NativeModifiedContent.swift	ProposalElementGroup	frame	frame\(\)	frame-no-args
M	MetalUI	NativeModifiedContent.swift	ProposalElementGroup	frame	.*	proposal-frame
M	MetalUI	NativeModifiedContent.swift	ProposalElementGroup	padding	.*	proposal-padding
M	MetalUI	NativeModifiedContent.swift	ProposalElementGroup	fixedSize	.*	fixed-size
M	MetalUI	NativeModifiedContent.swift	ProposalElementGroup	background	.*	proposal-background
M	MetalUI	NativeModifiedContent.swift	ProposalElementGroup	clip	.*	clip-shape
M	MetalUI	NativeModifiedContent.swift	ProposalElementGroup	border	.*	proposal-border
M	MetalUI	NativeModifiedContent.swift	ProposalElementGroup	opacity	.*	opacity
M	MetalUI	NativeModifiedContent.swift	ProposalElementGroup	allowsHitTesting	.*	hit-testing
M	MetalUI	NativeModifiedContent.swift	(-|ProposalElementGroup)	(aspectRatio|scaledToFit|scaledToFill|ContentMode)	.*	aspect-ratio
M	MetalUI	NativeModifiedContent.swift	ProposalElementGroup	layoutPriority	.*	stacks
M	MetalUI	NativeModifiedContent.swift	-	LayoutModifier	.*	modified-content
M	MetalUI	NativeOverlayModifier.swift	-	Native.*	.*	native-aliases
M	MetalUI	NativeOverlayModifier.swift	ProposalElementGroup	nativeOverlay	.*	native-aliases
M	MetalUI	NativeOverlayModifier.swift	.*	.*	.*	overlay
M	MetalUI	NativeTappable.swift	-	Native.*	.*	native-aliases
M	MetalUI	NativeTappable.swift	ProposalElementGroup	nativeOnTap	.*	native-aliases
M	MetalUI	NativeTappable.swift	.*	.*	.*	on-click
M	MetalUI	Passes.swift	LayoutPass	(requestNative.*)	.*	kernel-registrars
M	MetalUI	Passes.swift	PaintPass	resolve	.*	color-theme-backed
M	MetalUI	Passes.swift	.*	.*	.*	passes
M	MetalUI	Picker.swift	.*	.*	.*	picker
M	MetalUI	ProposalLayoutContainer.swift	.*	.*	.*	proposal-layout
M	MetalUI	ProposalScrollView.swift	.*	.*	.*	scroll
M	MetalUI	ProposalText.swift	Text	proposalLayout	.*	text-proposal-bridge
M	MetalUI	ProposalText.swift	.*	.*	.*	proposal-text
M	MetalUI	ScrollViewReader.swift	.*	.*	.*	scroll-reader
M	MetalUI	Shape.swift	.*	.*	.*	shapes
M	MetalUI	Shapes.swift	.*	.*	.*	shapes
M	MetalUI	ShapeView.swift	.*	.*	.*	shapes
M	MetalUI	Slider.swift	.*	.*	.*	controls
M	MetalUI	Stepper.swift	.*	.*	.*	controls
M	MetalUI	Toggle.swift	.*	.*	.*	controls
M	MetalUI	StackAlignment.swift	.*	.*	.*	stacks
M	MetalUI	State.swift	.*	.*	.*	state
M	MetalUI	Style.swift	.*	.*	.*	style
M	MetalUI	Text.swift	.*	.*	.*	text
M	MetalUI	TextEditor.swift	TextEditor	init	Binding<String>	text-input-binding
M	MetalUI	TextEditor.swift	.*	.*	.*	text-input
M	MetalUI	TextField.swift	TextField	init	Binding<String>	text-input-binding
M	MetalUI	TextField.swift	.*	.*	.*	text-input
M	MetalUI	TextModifiers.swift	.*	.*	.*	text-modifiers
M	MetalUI	Theme.swift	Theme	subscript	ThemeColorKey	theme-palette
M	MetalUI	Theme.swift	.*	.*	.*	theme
M	MetalUI	UnitPoint.swift	.*	.*	.*	unit-point

# ---------------------------------------------------------------- other targets
M	MetalUICore	ColorScheme.swift	-	Appearance	.*	core-appearance
M	MetalUICore	ColorScheme.swift	-	ColorScheme	.*	color-scheme
M	MetalUICore	Color.swift	.*	.*	.*	core-color
M	MetalUICore	ControlActiveState.swift	.*	.*	.*	control-active-state
M	MetalUICore	LayoutDirection.swift	.*	.*	.*	layout-direction-type
M	MetalUICore	Geometry.swift	.*	.*	.*	core-geometry
M	MetalUICore	Units.swift	.*	.*	.*	core-geometry
M	MetalUILayout	LayoutTree.swift	-	Native.*	.*	native-aliases
M	MetalUILayout	ProposalLayout.swift	.*	.*	.*	proposal-layout
M	MetalUILayout	ProposedSize.swift	(-|ProposedSize)	(ProposedSize|width|height|init|unspecified|zero|infinity|replacingUnspecifiedDimensions)	.*	proposal-layout
M	MetalUILayout	.*	.*	.*	.*	layout-kernel
M	MetalUIPlatform	Platform.swift	Platform	setMenuBar	.*	menu-bar
M	MetalUIPlatform	Menus.swift	(-|PlatformMenuBar)	(PlatformMenuBar|content|perform|init)	.*	menu-bar
M	MetalUIPlatform	Platform.swift	Platform	setApplicationIcon	.*	app-icon
M	MetalUIPlatform	Presentations.swift	.*	.*	.*	platform-services-seam
M	MetalUIPlatform	Platform.swift	PlatformWindow	(presentFileDialog|presentAlert|dismissPresentation|setContentSizeLimits)	.*	platform-services-seam
M	MetalUIPlatform	InputEvent.swift	InputEvent	(pointerExited|fileDialogResult|alertResult)	.*	platform-services-seam
M	MetalUIPlatform	AccessibilityTree.swift	AccessibilityRole	(popUpButton|alert)	.*	platform-services-seam
M	MetalUIPlatform	.*	.*	.*	.*	platform
M	MetalUIPrimitives	.*	.*	.*	.*	render
M	MetalUIRender	.*	.*	.*	.*	render
M	MetalUIAppKit	AppKitPlatform.swift	AppKitPlatform	setMenuBar	.*	menu-bar
M	MetalUIAppKit	AppKitPlatform.swift	AppKitPlatform	setApplicationIcon	.*	app-icon
M	MetalUIAppKit	.*	.*	.*	.*	render
M	MetalUIScene	.*	.*	.*	.*	scene
M	MetalUIText	.*	.*	.*	.*	text-system
M	MetalUITextSystem	.*	.*	.*	.*	text-system
M	MetalUIFreeType	.*	.*	.*	.*	portable-text
M	MetalUIHarfBuzz	.*	.*	.*	.*	portable-text
M	MetalUIPortableText	.*	.*	.*	.*	portable-text
M	MetalUISystemFonts	.*	.*	.*	.*	portable-text
M	MetalUIDemoContent	DemoIcon.swift	.*	.*	.*	app-icon
M	MetalUIDemoContent	.*	.*	.*	.*	demo-content
M	MetalUI	Transferable.swift	ContentType	(json|preferredFilenameExtension)	.*	content-type-extensions
M	MetalUI	Transferable.swift	.*	.*	.*	transferable
M	MetalUI	DragAndDrop.swift	.*	.*	.*	drag-and-drop
M	MetalUI	ContextMenu.swift	.*	.*	.*	context-menus
M	MetalUI	MenuContent.swift	.*	.*	.*	context-menus
M	MetalUI	Commands.swift	.*	.*	.*	menu-bar
M	MetalUI	PullDownMenu.swift	.*	.*	.*	pull-down-menu
M	MetalUI	Popover.swift	.*	.*	.*	popovers
M	MetalUI	Tooltip.swift	.*	.*	.*	help
M	MetalUI	GPUSurface.swift	.*	.*	.*	gpu-surface
M	MetalUI	MetalView.swift	.*	.*	.*	gpu-surface
M	MetalUI	Lifecycle.swift	.*	.*	.*	lifecycle
M	MetalUI	Presentations.swift	.*	.*	.*	presentation-scope
M	MetalUI	FileDialogs.swift	(-|ElementGroup)	(FileExportError|fileImporter|fileExporter)	.*	file-dialogs
M	MetalUI	FileDialogs.swift	.*	.*	.*	file-dialog-call
M	MetalUI	Alert.swift	.*	.*	.*	alerts
M	MetalUI	Hover.swift	.*	.*	.*	hover
