LayoutTreeTests	treeStoresStyleAndChildren	C		newNode( tree.style(
LayoutTreeTests	leavesCarryAMeasureFunctionAndBranchesDoNot	C		AvailableSpace newLeaf( newNode(
LayoutTreeTests	resetClearsNodesForReuse	C		newNode(
LayoutTreeTests	anIdFromBeforeAResetIsNotCurrentAfterIt	C		newNode(
LayoutTreeTests	anIdFromOneTreeIsNotCurrentInAnother	C		newNode(
LayoutTreeTests	layoutResultsAreStoredPerNode	C		newNode(
LayoutTreeTests	usingAnIdAgainstAnotherTreeTraps	-	EXIT	newNode(
LayoutTreeTests	usingAnIdAgainstItsOwnTreeDoesNotTrap	-	EXIT	newNode(
LayoutTreeTests	resettingToAGenerationThatDoesNotAdvanceTraps	-	EXIT	newNode(
LayoutTreeTests	resettingToAGreaterGenerationDoesNotTrap	-	EXIT	newNode(
LayoutTreeTests	adoptingAChildFromAnotherTreeTraps	-	EXIT	newNode(
LayoutTreeTests	adoptingAChildFromTheSameTreeDoesNotTrap	-	EXIT	newNode(
NativeBoundaryTrapTests	aNativeNodeRegisteredUnderALegacyNodeTraps	-	EXIT	newNode(
NativeBoundaryTrapTests	aLegacyNodeRegisteredUnderANativeStackTraps	-	EXIT	newNode(
NativeBoundaryTrapTests	aLegacyNodeRegisteredUnderACustomLayoutTraps	-	EXIT	newNode(
NativeBoundaryTrapTests	everyNativeRegistrarAcceptsNativeChildrenWithoutTrapping	-	EXIT	isNativeLayoutNode tree.style(
NativeBoundaryTrapTests	aStyleWrittenOntoANativeNodeTraps	-	EXIT	setStyle(
NativeBoundaryTrapTests	setStyleOnALegacyNodeDuringNativeLayoutTraps	-	EXIT	newNode( setStyle(
NativeBoundaryTrapTests	registeringALegacyLeafDuringNativeLayoutTraps	-	EXIT	newLeaf(
NativeGridTrapTests	aLegacyNodeUnderAGridOrCarryingAGridMarkTraps	-	EXIT	newNode(
NativeInvalidationContractTests	nativeLayoutHoldsTheLayingOutFlagOnlyWhileItRuns	-	EXIT	newNode( setStyle(
ContentSizeOracleTests	measureContentSizeDifferences	-		maxContentWidth minContentWidth unbreakableRuns
ContentSizeOracleTests	everyClassPairBreaksAsCoreTextDoes	-		unbreakableRuns
ContentSizeOracleTests	everyCorpusStringButThaiSplitsIntoCoreTextsRuns	-		unbreakableRuns
ContentSizeOracleTests	thaiBreaksOnlyAtSpacesWhereCoreTextUsesADictionary	-		unbreakableRuns
ContentSizeOracleTests	germanQuotesWrapWhereCoreTextsTypesetterLeavesItsTokenizer	-		maxContentWidth minContentWidth unbreakableRuns
ContentSizeOracleTests	contentSizesOfAnEmptyStringAreZero	-		maxContentWidth minContentWidth unbreakableRuns
ContentSizeOracleTests	maxContentIsTheWidestHardLineAndRunsCarryNoTrailingSpace	-		maxContentWidth minContentWidth unbreakableRuns
AXNodeTests	aBoxWithNoDeclaredAXNodeEmitsNothing	-		customElement lowersToProposal requestNode(
AXNodeTests	aLegacySpelledAXListRowAbortsAProductionProposalFrame	-	EXIT	LayoutAuthority customElement defaultLayoutAuthority layoutAuthority
AXNodeTests	aVirtualizedListsLogicalCountDiffersFromItsRealizedRowCount	C		AuthorityCoverage LayoutAuthority authorities
AXNodeTests	aVirtualizedListsLogicalCountIsTheFullDataCountEvenWhenEveryRowFits	C		AuthorityCoverage LayoutAuthority authorities
AXNodeTests	aCallerDeclaredAXNodeOnAListSurvivesLogicalCountBeingAdded	C		AuthorityCoverage LayoutAuthority authorities
AbsoluteOverlayTests	anAbsoluteBoxInsideAScrollViewIsStillClippedAndScrolledByIt	C		AuthorityCoverage LayoutAuthority authorities layoutAuthority
AbsoluteOverlayTests	anAbsoluteBoxOutsideADeferredTrapsAProductionProposalFrame	-	EXIT	layoutAuthority
AccessibilityDefaultsTests	aRootMinHeightOnTheScrollerFixtureNoLongerAbortsAProductionProposalFrame	-	EXIT	layoutAuthority
AccessibilityDefaultsTests	aHiddenListNoLongerAbortsAProductionProposalFrame	-	EXIT	layoutAuthority
AccessibilityDefaultsTests	combinationReachesButtonsInsideAListAndAClickableListKeepsItsRows	C		AuthorityCoverage LayoutAuthority authorities
AccessibilityDefaultsTests	aScrolledListPublishesItsLogicalCountAndItsRealizedRowsWithTheirIndices	C		AuthorityCoverage LayoutAuthority authorities
AccessibilityDefaultsTests	activatingBeforeTheFirstFramePublishesNoRowsUntilTheWindowIsBounded	C		AuthorityCoverage LayoutAuthority authorities layoutAuthority
AccessibilityDefaultsTests	scrollingAListPostsBoundedNotificationsAndBuildsOncePerFrame	C		AuthorityCoverage LayoutAuthority authorities layoutAuthority
AccessibilityDefaultsTests	aClientDoesNotChangeStateRetention	C		AuthorityCoverage LayoutAuthority authorities layoutAuthority
AccessibilityDefaultsTests	aListInsideHiddenContentIsNotPublishedEvenOnItsUnboundedFrame	C		AuthorityCoverage LayoutAuthority authorities
AccessibilityTreeTests	hiddenContentIsNotPublishedButAZeroHeightNodeIsAndADuplicatedIDIsPublishedOnce	C		AuthorityCoverage LayoutAuthority authorities
AccessibilityTreeTests	aHiddenRootPublishesNothing	C		AuthorityCoverage LayoutAuthority authorities
AccessibilityTreeTests	aHiddenInnerModifierLayerSuppressesEverythingInsideIt	C		AuthorityCoverage LayoutAuthority authorities
AccessibilityTreeTests	aHiddenOneNodeFrameLayerPublishesNothingToAnAccessibilityClient	C		AuthorityCoverage LayoutAuthority authorities
AccessibilityTreeTests	aLabelledListIsStillATable	C		AuthorityCoverage LayoutAuthority authorities
AnimationTests	everyRegisteringSiteAnimatesItsLoweredRectUnderTheProposalAuthority	-		layoutAuthority
AnimationTests	allTwentyEightAnimatableFieldsInterpolateAndLeaveInFlightOnSettle	-		LayoutAuthority layoutAuthority
BackgroundChainTests	everyBackgroundPaintingSiteHonoursHoverAndFocus	-		layoutAuthority
BackgroundChainTests	everyBackgroundPaintingSiteFadesItsResolvedHoverAndFocusColour	-		layoutAuthority
ComponentTests	aComponentContributesNoLayoutNodeOfItsOwn	-		layoutAuthority
ComponentTests	stateInsideAComponentsContentIsAlsoSeeded	-		layoutAuthority
ComponentTests	aNamedComponentsContentKeepsItsStateWhenASiblingIsInsertedBeforeIt	-		layoutAuthority
ContainerIntegrationTests	theDeprecatedSpacingFirstStackInitializersForwardSpacingAndTheCrossFactor	-		LayoutAuthority defaultLayoutAuthority layoutAuthority
DecorationPaintTests	aDeferredPortalInsideAFadedSubtreeIsStillFaded	C		AuthorityCoverage LayoutAuthority LayoutDifferential authorities
DeferredTests	aNamedChildUnderDeferredResolvesTheSameAsUnderABox	C		AuthorityCoverage LayoutAuthority LayoutDifferential authorities
DeferredTests	aDeferredElementHoistsItsChildAboveASiblingDeclaredAfterIt	C		AuthorityCoverage LayoutAuthority LayoutDifferential authorities
DeferredTests	aDeferredScrollViewNestedInAnotherEscapesItsClipForHitTesting	C		AuthorityCoverage LayoutAuthority LayoutDifferential authorities
DeferredTests	aDeferredBoxInsideARealScrolledScrollViewDoesNotSlideWithTheScroll	C		AuthorityCoverage LayoutAuthority authorities
DeferredTests	aDeferredAbsoluteScrimCoversTheWindowAndEscapesTheScrollUnderBothAuthorities	C		AuthorityCoverage LayoutAuthority authorities
DisabledTests	disabledComposesAsAnAndAndARawWriteOverridesIt	-		layoutAuthority
ElementGroupTrapTests	proposalTextSelectsProposalModifiersWithoutMakingLegacyTextAmbiguous	-		layoutAuthority
ElementGroupTrapTests	twoSiblingsWithTheSameIDShareOneStateEntry	-		layoutAuthority
ElementGroupTrapTests	twoSiblingsWithDifferentIDsDoNotShareState	-		layoutAuthority
ElementLayoutTests	aContainerGivesItsChildrenPathsBuiltFromItsOwn	-		layoutAuthority
ElementLayoutTests	anIdentifiedChildOfAnUnnamedContainerHasAnIdentityThroughItsPosition	-		layoutAuthority
ElementLayoutTests	aNodeIDDoesNotSilentlyResolveAgainstAnotherFramesTree	-		layoutAuthority
EnvironmentTests	anEnvironmentScopeContributesNoLayoutNodeAndConsumesNoIndex	-		lowersToProposal requestNode(
EnvironmentTests	aScopedThemeRepaintsOnlyItsSubtreeAndDeferredKeepsItsDeclaringScope	C		AuthorityCoverage LayoutAuthority authorities layoutAuthority
EnvironmentTests	theWindowsEnvironmentReachesTheFrameAndASetRepaints	-		layoutAuthority
EnvironmentTests	aBareEnvironmentValuesHoldsTheRootLocaleAndAWindowStampsTheCurrentOne	-		LayoutAuthority defaultLayoutAuthority layoutAuthority
EnvironmentTests	eachScopesTransformRunsOncePerFrame	-		layoutAuthority
EnvironmentTrapTests	aRootEnvironmentWriteDuringARenderTraps	-	EXIT	layoutAuthority
ErasureCompileGuards	layoutPassStyleAccessorsAreNotPublic	-		setStyle(
FocusTests	isFocusedDuringPaintTracksTheWindowsFocus	-		layoutAuthority
FocusTests	focusingFromInsideAFrameSurvivesThatFrame	-		layoutAuthority
FocusTests	focusingFromInsideAFrameIsStillValidatedByTheNextFrame	-		layoutAuthority
FocusTests	aFocusedListRowSurvivesABoundedExcursionButNotALongerOne	C		AuthorityCoverage LayoutAuthority authorities layoutAuthority
FrameClockTests	everyElementInOneFrameSeesTheSameTimestamp	-		layoutAuthority
FrameDecorationInteractionTests	aContentShapeOnAFrameLayerInsetsTheFrameBoxAndBeforeItTheChildBoxUnderTheProposalAuthority	-		layoutAuthority
FrameDecorationInteractionTests	aComponentsFrameCarriesTheNewDecorationsAndScopesItsMembersUnderTheProposalAuthority	-		layoutAuthority
FrameSizingTests	anIdealDimensionOnTheLegacyFrameTraps	-	EXIT	.legacy LayoutDifferential layoutAuthority
FrameSizingTests	chainedLegacyFramesAgreeWithSwiftUIsOrderingRules	C		.legacy LayoutAuthority
FrameSizingTests	aLegacyFrameProposesItsWidthToAMeasuredLeaf	C		.legacy LayoutAuthority
FrameSizingTests	aFramedListBuildsTheRowsTheUnframedListBuildsUnderTheProposalAuthority	-		layoutAuthority
FrameSizingTests	aScrollViewInsideAFrameKeepsItsViewportAndWheelUnderTheProposalAuthority	-		layoutAuthority
FrameSizingTests	aGreedyFrameAnswersBelowItsContentOnlyWithAZeroMinimum	-		layoutAuthority
GoldenReplacementStackTests	aWrapReverseContainerIsReportedByNameAsAWrappingOneIs	-		LayoutDifferential
GridLoweringInteractionTests	aGridsColumnWidthReachesAGrowingChildInsideALoweredCell	-		LayoutDifferential
GridLoweringInteractionTests	aGridInsideALoweredContainerIsNeverStretchedWhereItsRecordedSiblingIs	-		LayoutDifferential
GridLoweringInteractionTests	aLoweredTextAndAProposalTextSizeOneGridColumnIdentically	-		.legacy LayoutDifferential
HiddenLoweringTests	aHiddenChildKeepsItsSpaceUnderTheProposalAuthority	C		LayoutDifferential
HiddenLoweringTests	theLegacyHiddenPathPaintsAndHitTestsExactlyAsBefore	C		.legacy layoutAuthority
HitRegionTests	aContentShapeInsetShrinksTheHitRegionAndChangesNoLayout	-		layoutAuthority
HitRegionTests	aNegativeContentShapeInsetGrowsTheHitRegionAndIsStillClippedByAnAncestor	-		layoutAuthority
HitRegionTests	aContentShapeWithoutAClickHandlerRegistersNothing	-		layoutAuthority
HitRegionTests	aHoverBackgroundNeverPaintsUnderAllowsHitTestingFalse	-		layoutAuthority
HitboxTests	hoverResolvedThroughARealRenderHasNoLag	-		layoutAuthority lowersToProposal requestNode(
HitboxTests	activeIsSetOnMouseDownAndHeldUntilMouseUp	-		layoutAuthority
HitboxTests	aPressThatLeavesTheHitboxAndReturnsStaysActive	-		layoutAuthority
IdentityTests	twoUnnamedSiblingsDoNotShareOneStateEntry	-		layoutAuthority
IdentityTests	theIndexSpaceIsFlatRatherThanNested	-		layoutAuthority
IdentityTests	reorderingANamedListCarriesEachItemsState	-		layoutAuthority
IdentityTests	reorderingAnUnnamedListKeepsStateWithThePositionNotTheItem	-		layoutAuthority
IdentityTests	flippingAnEitherBranchResetsTheBranchesState	-		layoutAuthority
IdentityTests	aBranchWithTwoMembersDoesNotLeakStateIntoAOneMemberBranch	-		layoutAuthority
IdentityTests	anElementAfterAVanishingIfAdoptsTheVanishedElementsState	-		layoutAuthority
IdentityTests	namingTheLaterSiblingIsWhatSurvivesAVanishingIf	-		layoutAuthority
IdentityTests	aBranchReservesBothIndicesSoASiblingCannotLandOnTheUntakenOne	-		layoutAuthority
IdentityTests	twoErasedSiblingsDoNotShareOneStateEntry	-		layoutAuthority
IdentityTests	oneElementValuePlacedTwiceDoesNotShareItsState	-		layoutAuthority
IdentityTests	aHandlerWritesTheStateOfTheOccurrenceThatRegisteredIt	-		layoutAuthority
InputDispatchTests	aClickInsideTheBoundsRunsTheHandler	-		layoutAuthority
InputDispatchTests	aClickOutsideTheBoundsDoesNotRunTheHandler	-		layoutAuthority
InputDispatchTests	aHandlerRegisteredOnFrameNRunsForAnEventBeforeFrameNPlusOne	-		layoutAuthority
InputDispatchTests	aNestedHandlerWinsOverItsContainerWhichDoesNotAlsoFire	-		layoutAuthority
InputDispatchTests	aNestedHandlerWinsOverItsContainingStackToo	-		layoutAuthority
InputDispatchTests	aPressThatLeavesTheElementAndReturnsStillClicks	-		layoutAuthority
InputDispatchTests	onlyABoxWithAHandlerRegistersAHitbox	-		layoutAuthority
InputDispatchTests	onClickIsLiveOnEveryConformerThatCanRegisterOne	-		layoutAuthority
InputDispatchTests	aDispatchedClickDoesNotAlsoReachTheWindowsRawHandler	-		layoutAuthority
LayoutAuthorityCompileGuards	aPlainImportCannotChooseTheLayoutAuthority	-		LayoutAuthority layoutAuthority
LayoutAuthorityCompileGuards	aPlainImportCallerOfTheLegacyRegistrarsIsWarnedTowardTheNativeOnes	-		requestLeaf( requestNode(
LayoutAuthorityTests	aFrameAndAWindowDefaultToTheProposalAuthority	-		defaultLayoutAuthority layoutAuthority
LayoutAuthorityTests	aWindowBuildsEveryFrameUnderItsLayoutAuthority	C		.legacy LayoutAuthority layoutAuthority
LayoutAuthorityTests	aCustomElementsLegacyRegistrationTrapsUnderTheProposalAuthority	-	EXIT	customElement layoutAuthority requestLeaf( requestNode(
LayoutAuthorityTests	aDeprecatedRegistrarStillLaysOutUnderTheLegacyAuthorityAndTrapsUnderTheProposalOne	C	EXIT	.legacy customElement layoutAuthority
LayoutAuthorityTests	aComponentAmendDoesNotTrapUnderTheProposalAuthority	-	EXIT	layoutAuthority
LayoutAuthorityTests	everyLegacySiteIsReportedByNameWhenDiagnosticsAreOn	-	EXIT	LayoutDifferential customElement deferred.containingBlock layoutAuthority
LayoutAuthorityTests	aSiteThatSkipsItsOwnCheckIsStoppedByFramesBackstop	-	EXIT	isNativeLayoutNode layoutAuthority
LayoutAuthorityTests	theDifferentialHarnessSeesAOnePointDisagreementAtExactlyThatElement	C		.legacy LayoutDifferential
LayoutAuthorityTests	theDifferentialHarnessComparesPaintHitboxesAccessibilityAndState	C		LayoutDifferential
LayoutAuthorityTests	theDifferentialRootPlacesItsContentTopLeadingAtItsSizeUnderBothAuthorities	C		LayoutDifferential
ListLoweringTests	aLoweredListAgreesWithTheLegacyEngineOnEveryWindowedShape	C		.legacy LayoutDifferential
ListLoweringTests	aWindowedRowIsPlacedAtItsAbsoluteIndexTimesRowHeight	-		LayoutDifferential
ListLoweringTests	theListSiteReportsNothingAndItsRowsItemFieldsAreLowered	-		LayoutDifferential
ListLoweringTests	aLoweredListsRowIdentitiesAreTheLegacyOnes	C		.legacy LayoutAuthority LayoutDifferential
ListLoweringTests	aNilWidthListMeasuresEveryLogicalRowTwice	-		LayoutDifferential
ListLoweringTests	aZeroRowHeightLowersWithoutTrappingOrProducingNaN	C		LayoutDifferential
ListTests	aListSizesItselfToCountTimesRowHeight	C		AuthorityCoverage LayoutAuthority authorities
ListTests	aRowKeepsItsIdentityWhenItsPositionChanges	C		AuthorityCoverage LayoutAuthority authorities
ListTests	aRowTallerThanRowHeightIsFlooredAtRowHeightNotContent	C		AuthorityCoverage LayoutAuthority authorities
ListTests	paddingOnAListDoesNotShrinkItsRowsBelowRowHeight	C		AuthorityCoverage LayoutAuthority authorities
ListTests	distinctRowsGetDistinctIdentities	C		AuthorityCoverage LayoutAuthority authorities
ListTests	anEmptyListHasZeroHeightAndTrapsNothing	C		AuthorityCoverage LayoutAuthority authorities
ListTests	aWidthModifierOnAListReachesItsLayoutNode	C		AuthorityCoverage LayoutAuthority authorities layoutAuthority
ListTests	aListBuildsOnlyTheRowsIntersectingTheViewportPlusOverscan	C		AuthorityCoverage LayoutAuthority authorities
ListTests	aWindowedListStillReportsItsFullContentHeight	C		AuthorityCoverage LayoutAuthority authorities
ListTests	aWindowedRowSitsAtItsAbsoluteOffsetNotTheWindowsTop	C		AuthorityCoverage LayoutAuthority authorities
ListTests	aZeroRowHeightDoesNotTrapOnceAScrollContextIsPresent	C		AuthorityCoverage LayoutAuthority authorities
ListTests	aPresentContextWithZeroViewportExtentBuildsEveryRow	C		AuthorityCoverage LayoutAuthority authorities
ListTests	anOffsetPastTheEndClampsToTheTailInsteadOfRenderingNothing	C		AuthorityCoverage LayoutAuthority authorities
ListTests	aScrolledListsSpacerDoesNotShrinkUnderPadding	C		AuthorityCoverage LayoutAuthority authorities
ListTests	aFractionalOffsetRoundsFirstDownAndLastUp	C		AuthorityCoverage LayoutAuthority authorities
ListTests	aVerticalListInsideAHorizontalScrollViewBuildsEveryRow	C		AuthorityCoverage LayoutAuthority authorities
ListTests	aListNotAtTheScrollersContentOriginWindowsAgainstTheWrongRows	C		AuthorityCoverage LayoutAuthority authorities
ListTests	aListInsideADeferredIgnoresTheEscapedScrollersOffset	C		AuthorityCoverage LayoutAuthority authorities
ListTests	theListsSpacerIsANodeNotAnElement	C		AuthorityCoverage LayoutAuthority authorities
ListTests	aListInTheDifferentialHarnessReachesABoundedWindow	C		AuthorityCoverage LayoutAuthority LayoutDifferential authorities
ListTests	aListsSceneAndHitboxesAreUnchangedByTheGroup	C		AuthorityCoverage LayoutAuthority authorities customElement requestLeaf( requestNode(
ListTests	aLegacySpelledListRowAbortsAProductionProposalFrame	-	EXIT	customElement layoutAuthority
LoweringBoxModelTests	aStyleBorderLowersAsInsetsInsideTheDeclaredSize	C		LayoutDifferential
LoweringBoxModelTests	paddingOnALoweredTextPadsItWhereTheLegacyLeafIgnoresIt	C		.legacy LayoutAuthority LayoutDifferential
LoweringBoxModelTests	aDeclaredSizeBelowThePaddingKeepsTheFrameWhereCSSFloorsTheBox	C		LayoutDifferential
LoweringBoxModelTests	aMarginLowersAsPaddingOutsideTheItem	C		LayoutDifferential
LoweringBoxModelTests	aNegativeMarginOverlapsItsSibling	C		LayoutDifferential
LoweringBoxModelTests	anAutoMarginLowersAsZero	C		LayoutDifferential
LoweringBoxModelTests	percentagesStillReportByNameWithTheirOwner	-		LayoutDifferential
LoweringBoxModelTests	aLoweredItemChainWithFourWrappersPerLevelAtTheNativeDepthLimitLaysOut	-	EXIT	layoutAuthority
LoweringBoxModelTests	aLoweredItemChainWithFourWrappersPerLevelOnePastTheNativeDepthLimitTraps	-	EXIT	layoutAuthority
LoweringBoxModelTests	aLoweredMarginRegistersItsAnimatedValue	C		.legacy LayoutAuthority layoutAuthority
LoweringComponentTests	aComponentsWidthFramesEachMemberWhereTheLegacyAmendOverwritesIt	C		LayoutDifferential
LoweringComponentTests	aComponentsPaddingLowersAsAnOrdinaryOneChildContainer	C		LayoutDifferential
LoweringComponentTests	aComponentAmendsFrameIsCentredOnlyOnTheAxisItDeclares	C		LayoutDifferential
LoweringComponentTests	theOrderOfAComponentsDistributingModifiersIsObservableUnderBothAuthorities	C		LayoutDifferential
LoweringComponentTests	chainedComponentAmendsComposeTheSameWayUnderBothAuthorities	C		LayoutDifferential
LoweringComponentTests	anAmendedComponentsMemberItemFieldsAreConsumedAndPlanned	C		LayoutDifferential
LoweringComponentTests	aFrameOverAMultiMemberComponentFramesEachMemberWhereTheLegacyLayerSqueezesThem	C		LayoutDifferential
LoweringComponentTests	aFrameOverSeveralMembersStillPlansEachMembersItemFields	C		LayoutDifferential
LoweringComponentTests	aFrameOverOneMemberIsUnchanged	C		LayoutDifferential
LoweringContainerTests	aLoweredRowAndColumnAgreeWithTheLegacyContainersOverFixedChildren	C		LayoutDifferential expectFullAgreement
LoweringContainerTests	aLoweredContainerSpacesItsChildrenByTheGapOnItsMainAxis	C		LayoutDifferential expectFullAgreement
LoweringContainerTests	aLoweredSizedContainerPlacesItsContentByJustifyContentAndAlignItems	C		LayoutDifferential expectFullAgreement
LoweringContainerTests	aLoweredContainerPaddingSitsInsideItsDeclaredSize	C		LayoutDifferential expectFullAgreement
LoweringContainerTests	everyContainerFieldEitherLowersAndAgreesOrIsReportedByName	C		LayoutDifferential expectFullAgreement
LoweringContainerTests	aLoweredRowOverflowsWhereTheLegacyRowShrinksItsChildren	C		LayoutDifferential
LoweringContainerTests	aProposalElementInsideALoweredContainerLaysOutUnderTheProposalAuthorityAndTrapsUnderTheLegacyOne	-	EXIT	.legacy LayoutDifferential layoutAuthority
LoweringContainerTests	aLoweredContainerLaysOutItsAnimatedWidthPaddingAndGap	C		.legacy LayoutAuthority layoutAuthority
LoweringContainerTests	aContainersReportListsItsContainerRowsBeforeItsEveryNodeRowsAndTrapsOnTheFirst	-	EXIT	LayoutDifferential layoutAuthority
LoweringCorpusTests	theStageOneCorpusLowersWithNoDiagnosticAndAgreesElementByElement	C		LayoutDifferential
LoweringCorpusTests	theStageOneCorpusPinsEveryKnownDisagreementWithItsProbeArm	C		LayoutDifferential
LoweringCorpusTests	theWholeDemoReportsExactlyTheFieldsAndSitesLaterStagesOwn	C		.legacy LayoutDifferential
LoweringDistributionTests	spaceBetweenLowersToSpacersAtTheGap	C		LayoutDifferential expectFullAgreement
LoweringDistributionTests	spaceAroundAndSpaceEvenlyLowerToSpacersWhileTheyFit	C		LayoutDifferential expectFullAgreement
LoweringDistributionTests	spaceAroundAndSpaceEvenlyOverflowFromTheStartOnBothPaths	C		LayoutDifferential expectFullAgreement
LoweringDistributionTests	aSpacerBesideAGrowingChildTakesNothing	C		LayoutDifferential expectFullAgreement
LoweringDistributionTests	aReverseContainerPlacesItsChildrenFromTheMainEnd	C		LayoutDifferential expectFullAgreement
LoweringDistributionTests	aReverseContainerOverflowsTowardItsMainStart	C		LayoutDifferential expectFullAgreement
LoweringDistributionTests	reversingKeepsIdentityPaintOrderHitOrderAndAccessibilityOrder	C		LayoutDifferential expectFullAgreement
LoweringDistributionTests	aLoweredRowOrColumnSpacesByItsDeclaredGapNotTheStackDefault	C		LayoutDifferential expectFullAgreement
LoweringDistributionTests	aGrownReverseContainerPlacesFromTheMainEndOfItsItemFrame	C		LayoutDifferential expectFullAgreement
LoweringItemTests	aStretchedChildFillsTheLineOnItsCrossAxis	C		LayoutDifferential
LoweringItemTests	aStretchedContainersContentSitsByItsOwnAlignment	C		LayoutDifferential
LoweringItemTests	aStretchedSingleChildContainerDoesNotStretchItsChild	C		LayoutDifferential
LoweringItemTests	aStretchedItemIsClampedByItsOwnMinimumAndMaximum	C		LayoutDifferential
LoweringItemTests	alignSelfPlacesOneChildOnTheCrossAxisOfADefiniteContainer	C		LayoutDifferential
LoweringItemTests	anAlignSelfWrapperFillsAnIndefiniteContainerWhereCSSHugs	C		LayoutDifferential
LoweringItemTests	aStretchedItemInsideAHuggingItemFillsItsProposal	C		LayoutDifferential
LoweringItemTests	aNilAxisFrameLayerUnderAStretchingContainerIsStretched	C		LayoutDifferential
LoweringItemTests	aStackStretchesByItsItemsAlignmentAndIgnoresTheirFlexFields	C		LayoutDifferential
LoweringItemTests	theBoundsAliasReachesDecorationHitboxesAccessibilityAndTextWrap	C		.legacy LayoutDifferential
LoweringItemTests	aStretchedBranchingTreeRegistersAHandDerivedAmountOfNativeWork	-		LayoutDifferential
LoweringItemTests	theCentringDefaultOfRowAndColumnStretchesNothing	C		LayoutDifferential
LoweringItemTests	anItemFieldNoLoweredContainerConsumesIsReportedByName	C		.legacy LayoutAuthority layoutAuthority
LoweringItemTests	aStretchedUnsizedSpaceDistributionContainerIsReported	C		LayoutDifferential
LoweringItemTests	anAlignSelfInsideAOneChildWrapperFillsTheWrapperWhereCSSIgnoresIt	C		LayoutDifferential
LoweringItemTests	aGrowingChildTakesTheRemainingMainSpace	C		LayoutDifferential
LoweringItemTests	growingSiblingsShareTheSurplusEquallyWhereCSSAddsItToTheirBases	C		LayoutDifferential
LoweringItemTests	unequalGrowWeightsAreReportedOnTheParent	C		LayoutDifferential
LoweringItemTests	aZeroBasisGrowerTakesItsShareDownToItsContent	C		LayoutDifferential minContentWidth
LoweringItemTests	aZeroShrinkKeepsItsNaturalMainSizeAndOverflows	C		LayoutDifferential
LoweringItemTests	aPositiveShrinkLowersAsSwiftUIsCompressionWhateverItsWeight	C		LayoutDifferential
LoweringItemTests	aMinimumFloorsAnItemAndLetsAGrowerGoBelowItsContent	C		LayoutDifferential
LoweringItemTests	aMaximumLowersOnAGreedyOrSizedAxisAndIsReportedElsewhere	C		LayoutDifferential
LoweringItemTests	theDemosBodyRowKeepsTheSidebarAtItsDeclaredWidthWhereCSSShrinksIt	C		LayoutDifferential
LoweringItemTests	aGrowerOnAHuggingContainersMainAxisFillsItsProposal	C		LayoutDifferential
LoweringItemTests	aGrowInsideAOneChildPaddingFillsTheWrapperWhereCSSLeavesItUngrown	C		LayoutDifferential
LoweringItemTests	aGrownUnsizedSpaceDistributionContainerIsReported	C		LayoutAuthority LayoutDifferential layoutAuthority
LoweringItemTests	anAnimatedItemFieldSnapsItsStructureAndInterpolatesItsValues	C	EXIT	.legacy LayoutDifferential
LoweringLeafTests	aLoweredFixedSizeBoxAgreesWithTheLegacyBoxInEveryObservation	C		LayoutDifferential expectFullAgreement
LoweringLeafTests	aLoweredBoxPaddingSitsInsideItsDeclaredSize	C		LayoutDifferential expectFullAgreement
LoweringLeafTests	everyStageOneUnlowerableNodeFieldIsReportedByNameOnALeaf	-		LayoutDifferential
LoweringLeafTests	aLeafWithTwoUnlowerableFieldsTrapsNamingTheFirstInProduction	-	EXIT	layoutAuthority
LoweringLeafTests	aLoweredBoxRegistersItsAnimatedWidth	C		.legacy LayoutAuthority layoutAuthority
LoweringLeafTests	everyContainerFieldIsIgnoredOnALoweredLeaf	C		LayoutDifferential expectFullAgreement
LoweringLeafTests	aLoweredTextAgreesWithTheLegacyTextAtItsNaturalWidth	C		.legacy LayoutDifferential expectFullAgreement
LoweringLeafTests	aLoweredTextHugsItsWidestLineWhereTheLegacyTextFillsItsContainingBlock	C		LayoutDifferential
LoweringLeafTests	aProposalTextBelowItsWidestBrokenLineAnswersTheProposal	-		minContentWidth
LoweringLeafTests	aLoweredTextWithADeclaredWidthKeepsItsBoundsAndGlyphOrigin	-	EXIT	LayoutDifferential
LoweringLeafTests	anEmptyLoweredStackOrContainerAnswersZeroOnItsAutoAxes	-		LayoutDifferential
LoweringPipelineParityTests	aLoweredWindowDispatchesClicksFocusAndKeysToTheSameElements	C		.legacy WindowPair
LoweringPipelineParityTests	aLoweredWindowPublishesTheSameAccessibilityTree	C		.legacy WindowPair
LoweringPipelineParityTests	aLoweredTreeMintsTheSameStateSlotsAndAnimatesTheSameWidths	C		.legacy LayoutAuthority LayoutDifferential WindowPair layoutAuthority
LoweringPipelineParityTests	aLoweredBranchingTreeRegistersAndMeasuresAHandDerivedAmountOfNativeWork	-		LayoutDifferential
LoweringPipelineParityTests	aLoweredChainAtTheNativeDepthLimitLaysOut	-	EXIT	layoutAuthority
LoweringPipelineParityTests	aLoweredChainOneLevelPastTheNativeDepthLimitTraps	-	EXIT	layoutAuthority
LoweringPipelineParityTests	aLoweredItemChainWithThreeWrappersPerLevelAtTheNativeDepthLimitLaysOut	-	EXIT	layoutAuthority
LoweringPipelineParityTests	aLoweredItemChainWithThreeWrappersPerLevelOnePastTheNativeDepthLimitTraps	-	EXIT	layoutAuthority
LoweringScrollTests	theTwoScrollElementsShareOneChromeImplementation	-		LayoutDifferential
LoweringScrollTests	aLoweredScrollViewAgreesWithTheLegacyEngineOnEveryBoundedShape	C		LayoutDifferential
LoweringScrollTests	aLoweredScrollViewFillsItsProposalOnTheScrollingAxisWhereTheLegacyViewportHugs	C		LayoutDifferential authorities
LoweringScrollTests	divergence54SurvivesTheLoweringBecauseOnlyAScrollViewRecordsAnItem	-		LayoutDifferential
LoweringScrollTests	aLoweredHorizontalScrollViewIsBoundedByItsParentWhereTheLegacyOneOverflows	C		LayoutDifferential authorities
LoweringScrollTests	aLoweredScrollViewsContentKeepsItsNaturalExtent	C		LayoutDifferential
LoweringScrollTests	aLoweredScrollViewRecordsItsViewportAsItsItemAndKeepsItsSiteReachable	-		LayoutDifferential
LoweringScrollTests	aLoweredScrollViewKeepsItsTwoAnimationSlots	C		.legacy LayoutAuthority LayoutDifferential
LoweringScrollTests	aLoweredScrollViewRegistersAHandDerivedAmountOfNativeWork	-		LayoutDifferential lowersToProposal requestLeaf(
LoweringScrollTests	aScrollContextSurvivesALoweredViewportAcrossTwoFrames	C		.legacy LayoutAuthority authorities layoutAuthority
LoweringStackAndLayerTests	aLoweredStackPlacesFixedChildrenAtAllNineAlignmentsAsTheLegacyStackDoes	C		LayoutDifferential expectFullAgreement
LoweringStackAndLayerTests	aLoweredStackOffersItsProposalWhereTheLegacyStackOffersFitContent	C		LayoutDifferential
LoweringStackAndLayerTests	aLoweredPaddingLayerAgreesWithTheLegacyWrapper	C		.legacy LayoutDifferential expectFullAgreement
LoweringStackAndLayerTests	aLoweredFixedFrameLayerAgreesWithTheLegacyFrameOverAFixedChild	C		LayoutDifferential expectFullAgreement
LoweringStackAndLayerTests	aLoweredFlexibleFrameLayerTakesSwiftUIsAnswerWhereTheLegacyFrameClamps	C		LayoutDifferential layoutAuthority lowersToProposal requestNode(
LoweringStackAndLayerTests	anIdealFrameLowersUnderTheProposalAuthorityAndStillTrapsUnderTheLegacyOne	-	EXIT	.legacy LayoutDifferential
LoweringStackAndLayerTests	aFrameLayerLowersFromItsAnimatedStyleForWhatStyleCarries	C		.legacy LayoutAuthority layoutAuthority
LoweringStackAndLayerTests	aSizingModifierWrittenAfterAFrameIsReportedOnTheFrameLayer	C		LayoutDifferential expectFullAgreement
LoweringStackAndLayerTests	aHiddenFrameLayerLowersAsIfShown	C		LayoutAuthority LayoutDifferential layoutAuthority
LoweringStackAndLayerTests	aLoweredStackLaysOutItsAnimatedWidthAndPadding	C		.legacy LayoutAuthority
LoweringStackAndLayerTests	aFrameLayerLowersItsMinimaAndFiniteMaximaFromItsAnimatedStyle	C		.legacy LayoutAuthority
LoweringStackAndLayerTests	aFrameOverNoNodeFixedOnOneAxisOrMinOnlyIsZeroOnTheOther	C		LayoutDifferential expectFullAgreement
MeasurePerformanceTests	aWarmFrameTokenizesEachDistinctStringAtMostOnce	C		.legacy RunCallCounter runCallCounter
MeasurePerformanceTests	aColdFrameCreatesAtMostOneLineBreakTokenizer	C		.legacy RunCallCounter runCallCounter
MeasurePerformanceTests	aWarmFrameReachesTheUncachedFontResolverZeroTimes	-		layoutAuthority
MeasurePerformanceTests	aListsWorkIsTheSameFor160RowsAsFor40	C		.legacy AuthorityCoverage LayoutAuthority RunCallCounter authorities runCallCounter
MeasurePerformanceTests	theShapingCacheStaysNearTheSweepThresholdAcrossAWidthSweep	-		minContentCount
MeasurePerformanceTests	aListsWorkIsTheSameFor100kRowsAsFor500	-		.legacy AuthorityCoverage LayoutAuthority RunCallCounter authorities runCallCounter
MeasurePerformanceTests	theResidentEntrySetStaysBoundedWhileScrolling10kRows	C		AuthorityCoverage LayoutAuthority authorities customElement layoutAuthority lowersToProposal requestNode(
MeasurePerformanceTests	aProductionFrameOverDemoLikeRowsCompletesUnderTheProposalAuthority	-	EXIT	layoutAuthority
MeasurePerformanceTests	aDiagnosticsFrameOverDemoLikeRowsRunsUnderTheProposalAuthority	-	EXIT	layoutAuthority
MeasurePerformanceTests	aLegacySpelledStatefulListRowAbortsAProductionProposalFrame	-	EXIT	customElement layoutAuthority
MeasurePerformanceTests	aBoxSpelledRowInTheResidentSetFixtureDoesNotAbort	-	EXIT	layoutAuthority
ModifiedElementTests	addingALayerAtRunTimeResetsTheWrappedElementsState	-		layoutAuthority
ModifierCompositionProofTests	hoveringAnOverlaysPrimaryDoesNotHoverTheOverlay	-		LayoutAuthority layoutAuthority lowersToProposal requestNode(
ModifierCompositionProofTests	stateSurvivesFramesUnderALegacyModifierChain	-		layoutAuthority
ModifierCompositionProofTests	everyModifierWrapperDelegatesEachPhaseExactlyOnce	-		layoutAuthority
ModifierCompositionProofTests	aModifierChainRegistersAndPaintsOuterLayersFirst	-		layoutAuthority
ModifierCompositionProofTests	modifierOrderChangesSizeAndPlacementAsSwiftUIDoes	C		.legacy LayoutAuthority layoutAuthority
NativeBoundaryIntegrationTests	aProposalElementInsideALegacyContainerTrapsAtRegistration	-	EXIT	.legacy layoutAuthority
NativeBoundaryIntegrationTests	aLegacyStyleModifierOnAProposalComponentTrapsAtRegistration	-	EXIT	.legacy layoutAuthority
NativeBoundaryIntegrationTests	aPaddingModifierOnAProposalComponentTraps	-	EXIT	.legacy layoutAuthority
NativeBoundaryIntegrationTests	aProposalMarkedElementThatRegistersALegacyNodeTrapsInsideAProposalContainer	-	EXIT	.legacy layoutAuthority
PresentationLoweringTests	aDeferredAbsoluteBoxLowersAgainstTheWindowOnEveryInsetShape	C		LayoutDifferential
PresentationLoweringTests	anAbsoluteBoxStretchedBelowItsPaddingKeepsItsInsetBoxWhereTheLegacyEngineFloorsIt	C		LayoutDifferential
PresentationLoweringTests	anAbsoluteTextWrapsAtTheWindowMinusItsInsetWhereTheLegacyEngineWrapsAtTheWindow	C		LayoutDifferential
PresentationLoweringTests	aPresentationPlaceholderIsDroppedByEveryLoweredContainer	C		LayoutDifferential
PresentationLoweringTests	aPresentationWhoseContainingBlockIsNotTheWindowIsReportedByName	-		deferred.amended deferred.containingBlock deferred.nested deferred.root
PresentationLoweringTests	aPresentationTrapsAProductionProposalFrameNamingItsField	-	EXIT	deferred.containingBlock layoutAuthority
PresentationLoweringTests	presentationsAreLaidOutBeforeTheRootSoTheRootsWorkRecordIsUnchanged	-		layoutAuthority
PresentationLoweringTests	aFramedAbsoluteBoxIsAPresentationRootUnderBothAuthorities	C		.legacy LayoutAuthority LayoutDifferential
PresentationLoweringTests	aFramesOwnBoundsOnAnAbsoluteAutoAxisAnswerAsSwiftUIsFrameDoes	-		LayoutDifferential
PresentationWindowTests	theDemoModalDismissesOnAScrimClickAndSwallowsTheWheelUnderBothAuthorities	C		AuthorityCoverage LayoutAuthority LayoutDifferential authorities layoutAuthority
PresentationWindowTests	aPresentationInsideAFadedSubtreeIsStillFadedUnderBothAuthorities	C		AuthorityCoverage LayoutAuthority authorities
PresentationWindowTests	aPresentationKeepsItsDeclaringScopesEnvironmentUnderBothAuthorities	C		AuthorityCoverage LayoutAuthority authorities
PresentationWindowTests	aPresentationsAccessibilityRecordAndFocusMatchUnderBothAuthorities	C		AuthorityCoverage LayoutAuthority authorities
PresentationWindowTests	anAnimatedInsetInterpolatesItsValueUnderBothAuthorities	C		AuthorityCoverage LayoutAuthority LayoutDifferential authorities
PresentationWindowTests	nestedPresentationsLandOnOneLayerUnderBothAuthorities	C		AuthorityCoverage LayoutAuthority authorities
ProposalNodeIDTests	anOrphanLegacyRegistrationBesideATypedLeafIsNotRejected	C		.legacy layoutAuthority
RootFieldLoweringTests	aRootsMinimumAndMaximumFoldIntoItsDeclaredSize	C		LayoutAuthority layoutAuthority
RootSwitchTests	noProductionFrameReachesTheLegacyEngine	C		.legacy LegacyRootLayoutCounter layoutAuthority legacyRootLayoutCounter
RootSwitchTests	aHuggingLegacyRootIsCentredInAProductionWindow	-		LayoutAuthority layoutAuthority
ScrollIndicatorTests	theIndicatorIsTheLastPrimitiveInTheScene	C		AuthorityCoverage LayoutAuthority authorities
ScrollIndicatorTests	contentThatFitsDrawsNoIndicator	C		AuthorityCoverage LayoutAuthority authorities
ScrollIndicatorTests	theThumbIsProportionalAndFlooredAtTwentyPoints	C		AuthorityCoverage LayoutAuthority authorities
ScrollIndicatorTests	theThumbReachesTheEndOfItsTrackAtMaximumOffset	C		AuthorityCoverage LayoutAuthority authorities
ScrollIndicatorTests	theIndicatorRequestsFramesWhileFadingAndStopsWhenDone	C		AuthorityCoverage LayoutAuthority authorities layoutAuthority
ScrollIndicatorTests	aScrollFollowingAnIdleThatPausedTheDisplayLinkStillShowsTheIndicator	C		AuthorityCoverage LayoutAuthority authorities layoutAuthority
ScrollIndicatorTests	theIndicatorStillFadesAndTheWindowReturnsIdleAfterWakingFromAPausedLink	C		AuthorityCoverage LayoutAuthority authorities layoutAuthority
ScrollIndicatorTests	aNeverScrolledScrollViewPaintsNoIndicatorOnTheWindowsPreTickFirstFrame	C		AuthorityCoverage LayoutAuthority authorities layoutAuthority
ScrollIndicatorTests	theIndicatorFadesOnARampAndTakesItsColourFromTheScrollIndicatorToken	C		AuthorityCoverage LayoutAuthority authorities
ScrollIndicatorTests	theHorizontalIndicatorLiesAlongTheBottomOfItsViewport	C		AuthorityCoverage LayoutAuthority authorities
ScrollIndicatorTests	theIndicatorIsClippedByTheViewportsRoundedCornerWithoutScrollingWithIt	C		AuthorityCoverage LayoutAuthority authorities
ScrollIndicatorTests	hiddenEmitsNoIndicatorRect	C		AuthorityCoverage LayoutAuthority authorities
ScrollIndicatorTests	automaticStillPaintsTheIndicatorInTheSameFixture	C		AuthorityCoverage LayoutAuthority authorities
ScrollIndicatorTests	hiddenIndicatorDoesNotKeepTheWindowDirtyOrTheLinkAwake	C		AuthorityCoverage LayoutAuthority authorities layoutAuthority
ScrollRoutingTests	aWheelEventInsideARegionScrollsIt	C		AuthorityCoverage LayoutAuthority authorities layoutAuthority
ScrollRoutingTests	aWheelEventOutsideEveryRegionScrollsNothing	C		AuthorityCoverage LayoutAuthority authorities layoutAuthority
ScrollRoutingTests	theTopmostOverlappingRegionWinsAndTheOtherDoesNotMove	C		AuthorityCoverage LayoutAuthority authorities layoutAuthority
ScrollRoutingTests	momentumDeltasScrollLikeDirectOnes	C		AuthorityCoverage LayoutAuthority authorities layoutAuthority
ScrollRoutingTests	aNestedRegionClippedOutOfViewByItsParentDoesNotReceiveWheelEvents	C		AuthorityCoverage LayoutAuthority authorities layoutAuthority
ScrollRoutingTests	aHorizontalScrollViewMovesOnDeltaXNotDeltaY	C		AuthorityCoverage LayoutAuthority authorities layoutAuthority
ScrollRoutingTests	scrollingPastTheEndDoesNotBankAnOffsetTheUserMustUnwind	C		AuthorityCoverage LayoutAuthority authorities layoutAuthority
ScrollRoutingTests	aDeferredScrollViewTakesTheWheelFromAnOverlappingSiblingBeneathIt	C		AuthorityCoverage LayoutAuthority authorities layoutAuthority
ScrollRoutingTests	withinOneLayerTheLastRegisteredRegionStillWins	C		AuthorityCoverage LayoutAuthority authorities layoutAuthority lowersToProposal requestLeaf(
ScrollRoutingTests	scrollViewPublishesTheCurrentOffsetAndLastFramesViewportDuringRequestLayout	C		AuthorityCoverage LayoutAuthority authorities layoutAuthority
ScrollRoutingTests	rawOffsetPublishedDuringRequestLayoutCanExceedTheClampedRange	C		AuthorityCoverage LayoutAuthority authorities layoutAuthority
ScrollRoutingTests	nestedScrollViewsInnermostWinsAndPoppingRestoresTheOuterContext	C		AuthorityCoverage LayoutAuthority authorities layoutAuthority
ScrollRoutingTests	aSiblingAfterAScrollViewSeesNoScrollContext	C		AuthorityCoverage LayoutAuthority authorities layoutAuthority lowersToProposal requestLeaf(
ScrollRoutingTests	anOpaqueDeferredScrimSwallowsAWheelEventInsteadOfScrollingTheListBeneath	C		AuthorityCoverage LayoutAuthority authorities layoutAuthority
ScrollRoutingTests	aNonOpaqueDeferredScrimLetsTheWheelReachTheListBeneath	C		AuthorityCoverage LayoutAuthority authorities layoutAuthority
ScrollRoutingTests	aNestedScrollViewInsideAScrolledOneReceivesTheWheelWhereItPaints	C		AuthorityCoverage LayoutAuthority authorities layoutAuthority
ScrollViewTests	theContentNodeOverflowsTheViewport	C		AuthorityCoverage LayoutAuthority authorities
ScrollViewTests	aScrollViewOfTextDoesNotShrinkItsContentToTheViewport	C		AuthorityCoverage LayoutAuthority authorities
ScrollViewTests	aScrollViewsCornerRadiusReachesEveryPrimitiveItClips	C		AuthorityCoverage LayoutAuthority authorities layoutAuthority
ScrollViewTests	aScrollViewWithNoCornerRadiusClipsSquare	C		AuthorityCoverage LayoutAuthority authorities layoutAuthority
StateTests	stateSurvivesAcrossFramesForTheSameElement	-		layoutAuthority
StateTests	reflectionRunsOncePerTypeNotOncePerElement	-		layoutAuthority
TextFieldTests	aFieldLaysOutAndEditsUnderBothAuthorities	C		.legacy LayoutAuthority
TextHardLineBreakTests	aLabelWithHardBreaksMeasuresItsWidestLineAtMaxContent	-		textMeasure(
TextMeasureTests	theThreeSizingModesAnswerWithCoreTextsOwnNumbers	-		textMeasure(
TextMeasureTests	minContentIsTheLongestRunNotTheWidestCharacter	-		textMeasure(
TextMeasureTests	anExplicitKnownSizeWinsOverTheMeasuredOne	-		textMeasure(
TextMeasureTests	aZeroAvailableExtentMeasuresRatherThanTraps	-	EXIT	textMeasure(
TextSystemSeamTests	aPortableFrameNeverShapesThroughCoreText	C		.legacy LayoutAuthority layoutAuthority minContentCount
TombstoneTests	theColdFrameSpikeIsReapedRatherThanRetainedForever	-		customElement lowersToProposal requestNode(
TombstoneTests	aLegacySpelledExcursionRowAbortsAProductionProposalFrame	-	EXIT	customElement layoutAuthority
TombstoneTests	aBoxSpelledListRowDoesNotAbortAProductionProposalFrame	-	EXIT	layoutAuthority
TombstoneTests	aListRowsStateSurvivesABoundedExcursionButNotALongerOne	C		AuthorityCoverage LayoutAuthority authorities layoutAuthority
ZZAuthorityRollCall	everyParameterisedScenarioRanUnderBothLayoutAuthorities	-		AuthorityCoverage LayoutAuthority authorities
ShapingCacheTests	aSecondMinContentQueryTokenizesNothing	-		RunCallCounter minContentWidth runCallCounter
ShapingCacheTests	theMemoizedWidthEqualsTheMaxOverIndependentlyShapedRuns	-		minContentWidth unbreakableRuns
ShapingCacheTests	aMinContentHitReStampsSoItSurvivesASweepingLoad	-		RunCallCounter minContentWidth runCallCounter
ShapingCacheTests	anEntrySurvivesExactlyTwoUntouchedSweptFrames	-		RunCallCounter minContentWidth runCallCounter
ShapingCacheTests	aCounterOnlyCountsCallsWithinItsOwnBinding	-		RunCallCounter runCallCounter unbreakableRuns
TokenizerReuseTests	aMinContentMissReusesOneTokenizerRatherThanCreatingOnePerString	-		RunCallCounter minContentWidth runCallCounter
TokenizerReuseTests	theReusedTokenizerAnswersExactlyAsAFreshOneDoes	-		unbreakableRuns
UnbreakableRunsTests	unbreakableRunsAreLineBreakOpportunitiesNotWordBoundaries	-		unbreakableRuns
UnbreakableRunsTests	runsAreTrimmedOfTrailingWhitespaceAndBlankOnesAreDropped	-		unbreakableRuns
PortableTextDeterminismTests	record	-		maxContentWidth minContentWidth unbreakableRuns
PortableTextDeterminismTests	record	-		minContentWidth unbreakableRuns
